,RA,DEC,PMRA,PMDEC,FLUX_B,FLUX_V,FLUX_J,FLUX_H,FLUX_K
HIP13917,02 59 16.7596,+01 14 40.476,12.387,-5.149,8.66,8.63,8.504,8.499,8.519
HIP24607,05 16 41.0392,+01 56 50.380,-11.467,-7.519,6.402,6.4079999999999995,6.353,6.377999999999999,6.303
HIP45167,09 12 12.8805,+03 52 01.126,-51.3,-5.71,6.127000000000001,6.131,6.142,6.162999999999999,6.119
HIP22923,04 55 58.3522,+05 23 56.487,-16.758,-14.817,6.52,6.485,6.391,6.45,6.417000000000001
HIP33297,06 55 34.6182,+08 19 27.432,-13.74,4.122,6.305,6.257999999999999,6.178,6.165,6.131
HIP24555,05 16 04.1347,+11 20 28.878,-8.003,-6.056,5.5,5.515,5.443,5.474,5.462000000000001
HIP98400,19 59 35.1125,+11 53 21.782,-0.03,-3.3810000000000002,9.09,9.03,8.791,8.767000000000001,8.756
HIP65599,13 26 58.9426,+11 54 30.791,0.7859999999999999,-5.229,7.97,8.0,7.928999999999999,7.975,7.938
HIP98640,20 02 04.9381,+12 19 19.545,3.423,0.611,9.42,9.36,9.096,9.082,9.046
HD111744,12 51 23.3274,+12 22 21.999,-6.08,13.24,8.86,8.86,8.73,8.787,8.76
HIP75230,15 22 23.2337,+12 34 03.076,-0.7190000000000001,-2.99,6.275,6.28,6.2170000000000005,6.256,6.247999999999999
HD96781,11 08 56.3669,+13 21 11.258,-6.433,-0.332,10.22,10.2,10.058,10.036,10.035
HD56248,07 16 54.6066,+15 26 26.614,-1.8559999999999999,-9.158,9.08,9.04,8.959,9.015,8.964
HD57208,07 20 50.5653,+15 39 55.892,-8.533,-8.386000000000001,8.91,8.92,8.906,8.946,8.943999999999999
HD101060,11 37 57.8095,+15 46 36.868,-7.1979999999999995,-2.144,8.77,8.78,8.79,8.828,8.793
HD121880,13 57 52.1210,+16 12 07.519,16.63,-48.928999999999995,7.646,7.582999999999999,7.39,7.462000000000001,7.4079999999999995
HIP79332,16 11 28.7384,+16 39 56.488,3.534,4.791,6.099,6.082000000000001,6.0120000000000005,6.0360000000000005,6.0329999999999995
HD57450,07 21 54.7650,+16 40 44.199,-1.291,-2.088,9.28,9.3,9.279,9.282,9.277000000000001
HIP18717,04 00 36.8877,+17 17 47.971,1.7919999999999998,-31.228,6.352,6.305,6.064,6.09,6.074
HD124773,14 15 11.0996,+17 31 03.270,-16.89,7.1129999999999995,8.97,8.96,8.991,9.071,9.017000000000001
HIP88429,18 03 14.5626,+19 36 47.356,-4.631,-1.0190000000000001,6.45,6.42,6.275,6.274,6.279
HD252510,06 09 44.8499,+20 04 41.920,1.3780000000000001,-3.883,9.79,9.78,9.568999999999999,9.571,9.533
HIP95560,19 26 13.2462,+20 05 51.839,3.395,-34.787,5.585,5.591,5.575,5.627000000000001,5.6129999999999995
HD109055,12 31 41.2769,+22 07 24.419,-42.17100000000001,3.1260000000000003,8.86,8.82,8.731,8.749,8.735
HIP59861,12 16 33.8853,+24 36 33.739,-1.9680000000000002,-16.494,10.68,10.73,10.592,10.637,10.629000000000001
HIP14719,03 10 08.8393,+27 49 11.158,17.598,-50.863,6.4270000000000005,6.412000000000001,6.29,6.335,6.318
HD46053,06 32 22.2333,+29 22 48.722,5.335,-15.245999999999999,8.98,8.92,8.675,8.676,8.661
HD258439,06 30 53.8027,+29 25 23.624,1.203,-4.868,9.49,9.43,9.155,9.113999999999999,9.104
7Tri,02 15 56.2880,+33 21 32.020,-15.585999999999999,-31.951999999999998,5.239,5.249,5.195,5.22,5.228
HIP55627,11 23 46.4660,+34 14 33.809,16.85,-14.02,9.25,9.24,9.2,9.181000000000001,9.165
HD227934,20 08 54.8913,+35 24 05.693,0.606,-2.944,9.44,9.42,9.065,9.09,9.048
HIP18769,04 01 14.8320,+36 59 22.104,-7.449,-0.555,6.3870000000000005,6.388999999999999,6.256,6.292000000000001,6.268
HD192745,20 15 02.5008,+37 23 24.287,-11.405,-9.41,8.2,8.19,8.103,8.138,8.138
HD22859,03 41 43.3547,+37 35 13.757,22.267,-27.979,7.85,7.8,7.622000000000001,7.6579999999999995,7.631
HD228585,20 15 21.3384,+37 35 53.102,-3.5839999999999996,-7.492999999999999,9.568999999999999,9.56,9.484,9.484,9.475
HD191225,20 07 28.0718,+37 38 41.348,3.4589999999999996,-5.477,8.55,8.55,8.496,8.522,8.536
BD+394890,22 35 48.0547,+40 05 27.401,-2.5469999999999997,-5.19,9.48,9.47,9.392999999999999,9.431000000000001,9.406
HIP55182,11 17 55.1536,+40 50 14.413,7.902,2.62,8.98,8.93,8.869,8.888,8.884
HIP15925,03 25 09.3866,+41 15 26.281,-8.807,5.235,6.55,6.52,6.332999999999999,6.356,6.34
HD63160,07 49 19.6348,+43 14 43.606,-4.072,-2.7680000000000002,9.26,9.24,9.092,9.094,9.064
HR8422,22 05 50.4496,+45 06 44.996,14.097000000000001,-4.188,6.457999999999999,6.494,6.528,6.595,6.559
BD+443588,20 48 00.4155,+45 21 53.348,-3.2510000000000003,-5.492999999999999,9.62,9.62,9.465,9.447000000000001,9.419
HIP53735,10 59 40.2071,+45 47 18.886,-0.314,-15.960999999999999,8.88,8.89,8.874,8.881,8.856
HD92573,10 42 07.6697,+45 50 54.171,-2.201,1.349,10.1,10.09,9.996,9.971,9.995
HD199006,20 52 31.8839,+46 27 19.514,6.731,-0.7290000000000001,9.16,9.1,8.943999999999999,8.968,8.933
HD200252,21 00 47.4540,+47 05 31.015,3.418,-0.39399999999999996,9.39,9.46,9.423,9.414,9.41
HIP16966,03 38 15.5794,+47 34 37.150,23.76,-28.801,7.47,7.46,7.3629999999999995,7.393,7.375
BD+471133,05 20 07.3743,+48 00 18.986,-2.5340000000000003,-3.9560000000000004,10.36,10.31,9.757,9.772,9.72
HR1482,04 41 24.1281,+48 18 03.164,44.449,-45.056000000000004,5.642,5.652,5.662999999999999,5.667999999999999,5.649
HIP114714,23 14 14.3815,+50 37 04.419,45.199,-5.922000000000001,6.3,6.31,6.297000000000001,6.315,6.321000000000001
86UMa,13 53 51.0141,+53 43 43.232,-28.776,-6.242000000000001,5.6579999999999995,5.695,5.648,5.707999999999999,5.678
HIP35787,07 22 53.8702,+55 20 27.232,-2.813,-31.837,7.56,7.57,7.497999999999999,7.555,7.513999999999999
HIP66198,13 34 07.3058,+55 20 54.363,-19.323,-5.891,5.569,5.587999999999999,5.6,5.653,5.635
HIP117450,23 48 53.9576,+59 58 44.171,50.625,21.476999999999997,6.311,6.324,6.301,6.3260000000000005,6.331
HD20095,03 16 41.9190,+59 59 26.703,17.678,-17.627,8.17,8.12,8.001,8.04,8.024
HIP15086,03 14 33.6188,+61 42 56.156,-11.328,0.711,7.93,7.88,7.659,7.657,7.646
HD1287,00 17 18.7344,+62 49 33.136,-32.055,29.494,8.66,8.6,8.317,8.326,8.326
BD+67675,10 58 58.9425,+67 03 29.652,-6.75,-2.173,10.5,10.44,10.477,10.472000000000001,10.457
HD95605,11 03 31.6631,+67 34 19.747,-0.893,-1.415,9.71,9.67,9.568,9.6,9.546
HIP107555,21 47 00.8500,+70 09 03.174,-10.544,-24.979,6.44,6.45,6.402,6.443,6.417000000000001
HIP114745,23 14 37.1041,+74 13 52.574,41.527,7.205,5.87,5.89,5.837000000000001,5.898,5.872000000000001
BD-001836,07 49 50.3695,-00 36 25.634,-3.014,-2.424,10.47,10.4,10.385,10.398,10.368
HD65158,07 57 25.8598,-00 38 09.151,-21.607,-5.979,7.18,7.16,7.093,7.1339999999999995,7.105
HD63714,07 50 13.9931,-01 27 32.119,-11.294,-0.28800000000000003,7.96,7.95,7.962999999999999,8.027999999999999,7.959
BD-011879,07 54 03.9469,-01 55 02.184,-4.562,-0.098,9.41,9.35,9.256,9.262,9.2
HIP10512,02 15 28.3112,-09 27 59.496,-7.854,-5.289,6.537000000000001,6.5489999999999995,6.462999999999999,6.454,6.4479999999999995
HD25792,04 04 56.2676,-11 47 56.539,20.796999999999997,-1.54,8.04,8.01,7.872999999999999,7.945,7.853
HD37890,05 41 16.2824,-12 00 24.553,-1.9269999999999998,5.38,9.21,9.18,9.017999999999999,9.012,8.999
HD219833,23 19 02.1485,-12 10 13.535,10.526,0.204,7.24,7.23,7.154,7.156000000000001,7.157
HIP34504,07 08 56.3625,-12 19 09.259,-7.648,2.923,8.69,8.64,8.457,8.431000000000001,8.425
HD62388,07 43 14.9959,-12 24 02.105,3.0269999999999997,0.078,8.93,8.9,8.702,8.684,8.657
HIP52113,10 38 50.4158,-12 26 37.046,-46.51,9.6,6.023,6.045,5.994,6.018,5.989
HIP73200,14 57 36.6569,-12 38 16.890,-27.025,-2.574,7.87,7.8,7.585,7.62,7.577999999999999
65Sgr,20 05 26.3353,-12 39 54.594,7.017,-48.808,6.59,6.53,6.352,6.3629999999999995,6.341
HD34227,05 15 18.2183,-12 43 39.509,4.792,-1.4140000000000001,8.46,8.43,8.337,8.392999999999999,8.311
HIP22605,04 51 48.0533,-12 44 45.548,-8.064,-3.783,8.1,8.05,7.961,7.972,7.971
HD38368,05 44 39.2267,-12 46 36.080,-10.546,0.941,7.93,7.89,7.836,7.854,7.79
HD50514,06 53 07.7687,-12 58 44.452,-5.292000000000001,3.29,9.2,9.19,9.152999999999999,9.208,9.168
HD35397,05 23 50.9678,-13 00 44.669,-2.129,-2.873,9.37,9.32,9.105,9.118,9.056000000000001
HD40988,06 01 47.2863,-13 02 55.416,3.0639999999999996,0.455,9.27,9.2,9.056000000000001,9.072000000000001,9.071
HD60239,07 33 00.0215,-13 04 33.586,-5.457999999999999,-0.36200000000000004,9.04,9.04,8.946,8.987,8.951
HD67160,08 06 17.0809,-13 16 24.603,-10.977,2.633,9.06,9.07,9.014,9.033999999999999,8.998
HD47079,06 36 14.1372,-13 25 46.199,-5.252999999999999,0.354,9.29,9.23,9.006,9.106,9.033
HIP86049,17 35 07.4617,-13 38 16.300,-25.881,-30.927,6.92,6.88,6.665,6.709,6.6160000000000005
HD57408,07 20 37.7563,-13 38 24.730,-5.289,-0.9540000000000001,9.69,9.65,9.396,9.389,9.361
HD56525,07 16 47.0617,-13 40 52.010,-4.12,-2.855,7.242999999999999,7.178999999999999,6.992000000000001,7.034,6.984
HIP37787,07 44 56.0253,-13 41 41.409,-16.202,3.5660000000000003,8.21,8.17,8.025,8.068,8.023
HIP32171,06 43 02.2673,-13 41 53.237,-2.509,-22.891,7.18,7.13,6.9510000000000005,6.99,6.914
HD202990,21 19 48.6388,-14 01 03.062,22.186,-0.48,7.05,7.03,6.875,6.879,6.848
HD185533,19 40 05.0741,-14 02 40.825,6.1579999999999995,-27.761,7.19,7.15,7.029,7.051,7.0360000000000005
HIP114371,23 09 49.5500,-14 30 37.999,29.603,-7.42,6.43,6.43,6.379,6.4,6.369
HD134013,15 07 58.5062,-14 35 32.824,-20.305,5.43,8.01,7.97,7.849,7.876,7.858
HD43954,06 18 29.7631,-14 35 53.948,4.169,-5.167999999999999,8.38,8.37,8.242,8.279,8.256
HD44115,06 19 30.4322,-14 39 54.528,-3.785,3.04,9.26,9.2,9.002,9.037,9.017000000000001
HIP48067,09 47 55.6983,-14 56 04.361,-14.467,1.72,8.33,8.28,8.124,8.119,8.116
HD69461,08 16 39.7923,-14 56 59.706,-1.859,-1.5290000000000001,9.25,9.24,9.059,9.033,9.033999999999999
HIP45424,09 15 24.9477,-15 01 29.676,-11.57,-17.4,6.33,6.318,6.245,6.274,6.246
HIP52693,10 46 26.6936,-15 02 02.770,-29.729,1.9240000000000002,7.44,7.41,7.263,7.276,7.207999999999999
HIP41987,08 33 30.3630,-15 12 13.059,-6.5760000000000005,1.275,8.04,8.05,7.968999999999999,8.015,7.962000000000001
HIP17623,03 46 31.6777,-15 14 55.987,5.279,2.115,8.23,8.19,8.103,8.124,8.099
HIP63109,12 55 53.2431,-15 19 37.284,-18.581,-0.9690000000000001,6.164,6.1739999999999995,6.093,6.1,6.1160000000000005
HD43488,06 15 48.3174,-15 21 12.847,-4.055,6.94,9.27,9.2,8.972999999999999,8.942,8.943999999999999
HD74284,08 42 40.9889,-15 23 01.980,-3.991,-3.298,9.57,9.54,9.406,9.398,9.367
HD71254,08 25 47.7177,-15 25 48.739,-4.882,-1.8459999999999999,8.24,8.19,8.154,8.222999999999999,8.122
HD178462,19 09 18.8386,-15 33 03.162,3.1630000000000003,0.575,9.93,9.89,9.617,9.556000000000001,9.597999999999999
HD181945,19 23 01.3771,-15 34 54.274,5.959,0.273,9.28,9.21,9.033999999999999,9.032,9.02
HD72989,08 35 23.5085,-15 36 15.474,-7.66,2.492,10.5,10.46,10.293,10.288,10.262
HD25266,04 00 16.4357,-15 36 25.219,5.774,2.542,9.95,9.88,9.773,9.791,9.793
HIP49689,10 08 35.4245,-15 36 42.967,-37.528,2.5180000000000002,6.235,6.244,6.209,6.233,6.199
HIP100448,20 22 12.7987,-15 37 32.468,3.1239999999999997,-30.342,8.04,7.99,7.829,7.832000000000001,7.8
HD83496,09 38 28.0016,-15 37 50.445,-8.732000000000001,2.852,9.46,9.46,9.321,9.285,9.28
HD200604,21 04 49.3813,-15 45 59.619,5.2,-7.984,9.97,9.92,9.761000000000001,9.76,9.711
HIP67139,13 45 35.0671,-15 46 02.883,-43.18899999999999,-24.628,6.22,6.178999999999999,6.05,6.066,6.024
BD-151339,06 18 43.5811,-15 54 32.860,-2.698,1.6669999999999998,10.83,10.78,10.620999999999999,10.633,10.619000000000002
HD71943,08 29 36.2456,-16 00 06.387,-9.972000000000001,3.2969999999999997,9.15,9.09,9.1,9.107999999999999,9.067
HD86593,09 59 08.5259,-16 00 41.729,-31.66,2.826,7.67,7.6,7.47,7.504,7.456
HD70710,08 22 52.6888,-16 07 51.538,-1.9780000000000002,-1.2109999999999999,9.4,9.36,9.267999999999999,9.249,9.24
HIP110963,22 28 53.5481,-16 09 07.229,26.035,-6.5120000000000005,8.8,8.76,8.603,8.601,8.602
HIP31785,06 38 45.6172,-16 15 39.105,6.074,-6.558,7.12,7.1,7.011,7.019,7.019
HD71580,08 27 38.5180,-16 17 26.247,-9.151,4.323,8.56,8.52,8.445,8.454,8.413
HIP49512,10 06 33.0339,-16 20 18.608,-26.118000000000002,2.9019999999999997,8.27,8.24,8.125,8.187000000000001,8.122
HD199829,21 00 09.7032,-16 40 20.556,6.382999999999999,1.541,10.06,9.99,9.75,9.761000000000001,9.749
HIP30193,06 21 08.8001,-16 40 37.893,-14.036,11.13,8.08,8.01,7.82,7.845,7.818
HIP22679,04 52 37.9676,-16 51 58.948,4.3,5.547999999999999,8.88,8.81,8.764,8.797,8.788
HIP28877,06 05 48.3338,-16 57 33.763,-2.7089999999999996,0.9059999999999999,7.89,7.87,7.808,7.829,7.816
HIP25280,05 24 28.4872,-16 58 32.789,33.12,-17.269000000000002,5.631,5.636,5.647,5.678,5.649
HIP26552,05 38 46.2483,-17 04 14.739,11.495,-23.01,7.93,7.98,7.972,8.025,7.995
HIP58188,11 56 00.9553,-17 09 02.958,-51.147,-8.894,5.138,5.16,5.18,5.211,5.176
HIP109960,22 16 16.5580,-17 12 18.881,14.311,0.5489999999999999,8.74,8.68,8.634,8.647,8.626
HD49529,06 48 09.9457,-17 13 46.883,-5.9639999999999995,1.065,8.12,8.09,8.015,8.084,8.027999999999999
HD53694,07 05 22.2912,-17 28 05.983,0.624,-5.666,10.14,10.11,9.857000000000001,9.87,9.832
HD92079,10 37 39.2785,-17 49 14.456,5.558,-6.32,8.58,8.55,8.408999999999999,8.396,8.395
HD69372,08 16 07.1518,-17 51 29.317,-6.39,-3.591,8.76,8.7,8.402000000000001,8.39,8.377
HIP30184,06 21 02.8370,-17 57 27.152,-0.11599999999999999,-3.812,8.1,8.08,7.945,7.957999999999999,7.904
HD64263,07 52 23.5314,-18 01 06.197,-9.675,-9.582,8.34,8.29,8.163,8.165,8.17
HD74001,08 40 45.0192,-18 08 54.438,-6.517,-1.287,9.37,9.33,9.164,9.152000000000001,9.12
HIP27307,05 47 07.7071,-18 10 08.280,-7.614,0.204,8.07,8.09,8.078,8.079,8.062999999999999
HIP56746,11 38 04.9426,-18 11 30.473,-80.007,23.73,7.48,7.41,7.268,7.307,7.279
HIP69658,14 15 24.0849,-18 12 02.487,-45.76,-12.1,5.525,5.532,5.542999999999999,5.547999999999999,5.5520000000000005
HD90606,10 27 25.3694,-18 17 12.480,-15.248,-2.987,7.11,7.09,6.952999999999999,7.0329999999999995,6.945
HD40971,06 01 29.4330,-18 17 20.137,-1.5190000000000001,-23.756,8.62,8.59,8.53,8.574,8.551
HIP39658,08 06 17.2824,-18 22 23.411,-14.788,-15.28,7.63,7.6,7.476,7.497000000000001,7.471
HD61406,07 38 28.3067,-18 29 24.100,-9.398,-1.896,9.79,9.73,9.467,9.485,9.433
HD62572,07 43 58.5325,-18 36 20.751,6.4,-30.428,8.73,8.7,8.48,8.472999999999999,8.491
HD35735,05 25 47.4072,-18 39 41.370,1.895,5.261,9.52,9.5,9.413,9.442,9.381
HIP17946,03 50 13.9047,-18 44 45.640,-13.859000000000002,-6.88,7.39,7.38,7.301,7.34,7.309
HD54468,07 08 07.3088,-18 46 34.766,-7.787000000000001,5.305,9.18,9.16,8.999,9.01,9.015
HD62001,07 41 13.9030,-18 59 37.414,3.4789999999999996,9.828,8.26,8.21,8.003,7.962999999999999,7.983
HD69944,08 18 40.6738,-19 01 05.069,0.253,-1.089,9.94,9.9,9.793,9.791,9.779
HIP30295,06 22 20.5010,-19 05 51.240,-3.343,-4.053,8.91,8.9,8.847000000000001,8.885,8.844
HD64171,07 51 58.4666,-19 08 02.628,-7.881,4.362,8.92,8.87,8.676,8.686,8.671
HIP52524,10 44 21.2304,-19 08 30.852,3.8939999999999997,-6.1979999999999995,8.03,8.0,7.89,7.874,7.872999999999999
HD72153,08 30 43.0635,-19 21 37.544,-3.302,-0.17,8.75,8.71,8.636000000000001,8.641,8.587
HD64475,07 53 22.4366,-19 22 51.103,-6.73,2.736,9.37,9.36,9.267999999999999,9.247,9.242
HD213623,22 33 07.7985,-19 23 27.753,20.494,1.247,9.07,9.0,8.836,8.874,8.831
HD42135,06 08 09.0598,-19 25 54.299,-3.074,0.262,8.21,8.19,8.14,8.259,8.131
HD25754,04 04 17.8463,-19 28 09.289,-10.833,-4.3,7.75,7.69,7.621,7.687,7.604
HIP47070,09 35 33.8002,-19 35 00.222,-26.839000000000002,-33.203,6.37,6.31,6.196000000000001,6.192,6.148
HD63845,07 50 09.7468,-19 44 54.260,1.24,-3.225,9.55,9.49,9.371,9.321,9.322000000000001
HIP50790,10 22 12.9373,-19 51 59.655,-35.669000000000004,8.625,6.16,6.13,5.983,6.01,5.955
HD58508,07 25 07.1900,-19 55 26.815,-10.059,5.851,9.21,9.15,8.978,8.971,8.96
HD57865,07 22 22.1752,-19 58 01.605,-0.821,0.281,9.79,9.71,9.508,9.506,9.482000000000001
HD184255,19 34 20.6234,-20 00 52.969,-0.711,-11.089,9.42,9.38,9.261000000000001,9.279,9.243
HD84920,09 48 03.7771,-20 06 54.049,-2.68,-3.512,10.72,10.72,10.507,10.517000000000001,10.523
HIP64204,13 09 30.2023,-20 07 25.161,-19.7,-12.219000000000001,7.22,7.17,6.992000000000001,6.978,6.966
HIP62264,12 45 32.7975,-20 08 44.570,-48.846000000000004,-0.594,7.57,7.58,7.479,7.486000000000001,7.4879999999999995
HD57612,07 21 11.8462,-20 13 20.341,-0.8079999999999999,2.967,9.75,9.72,9.555,9.53,9.53
HD33612,05 10 37.2689,-20 19 19.336,-2.2159999999999997,-7.99,10.09,10.05,9.986,9.96,9.957
HD44504,06 21 19.0914,-20 26 57.056,-3.53,7.0489999999999995,9.0,9.0,9.022,9.038,9.033999999999999
HD180150,19 16 08.9542,-20 27 17.874,-1.824,-7.697,8.87,8.8,8.625,8.645,8.571
HD65102,07 56 21.7090,-20 27 47.790,-9.283999999999999,-11.389000000000001,6.86,6.83,6.71,6.746,6.676
HIP30090,06 19 58.7272,-20 31 51.959,2.7319999999999998,-8.198,8.22,8.18,8.052,8.072000000000001,8.039
HD54885,07 09 54.8052,-20 41 07.535,-9.021,14.732999999999999,9.18,9.16,9.013,8.953,8.977
HD82431,09 31 21.6423,-20 43 12.786,-17.915,9.209,9.49,9.45,9.352,9.384,9.367
HIP25853,05 31 07.6279,-20 51 49.168,6.622000000000001,-42.297,5.529,5.525,5.546,5.52,5.513999999999999
HD66692,08 03 55.8837,-20 54 32.446,-11.493,1.829,9.57,9.57,9.475,9.476,9.464
HD71569,08 27 24.3509,-20 59 05.894,-13.319,0.9590000000000001,8.71,8.7,8.581,8.583,8.564
HD64397,07 52 55.0658,-21 00 05.506,-7.822,3.1260000000000003,9.01,8.94,8.811,8.831,8.814
HD47717,06 39 14.1541,-21 06 31.024,-0.05,-0.16899999999999998,9.68,9.61,9.412,9.38,9.365
HD136622,15 22 23.9564,-21 10 53.326,-8.535,-13.922,9.57,9.54,9.32,9.298,9.28
HD65008,07 55 48.6185,-21 12 13.916,-7.806,0.9259999999999999,9.91,9.89,9.732999999999999,9.763,9.747
HD62104,07 41 32.2650,-21 15 01.984,-0.062,-3.58,8.79,8.74,8.63,8.758,8.655
HIP23671,05 05 17.3014,-21 15 30.546,-4.9,-18.006,7.83,7.79,7.71,7.776,7.736000000000001
HD72931,08 34 50.3877,-21 18 22.038,-1.645,-3.508,9.44,9.42,9.373,9.413,9.354
HIP40561,08 16 54.2264,-21 19 14.334,-8.707,7.638,6.615,6.607,6.547000000000001,6.57,6.532
HIP55830,11 26 34.0239,-21 21 23.404,-36.028,0.42,6.93,6.88,6.86,6.91,6.8839999999999995
HD82724,09 33 17.6737,-21 23 31.336,-16.53,-11.751,6.68,6.68,6.581,6.567,6.535
HD180827,19 18 47.8578,-21 24 38.239,0.048,-6.635,9.68,9.62,9.568,9.543,9.545
HD53434,07 04 13.6004,-21 26 13.683,-1.3090000000000002,16.489,7.94,7.89,7.78,7.82,7.801
HIP45666,09 18 30.6638,-21 36 22.589,-8.798,-2.22,8.91,8.84,8.628,8.657,8.637
HD87505,10 04 57.5477,-21 38 07.420,-6.337000000000001,-3.903,9.16,9.1,9.062999999999999,9.05,9.025
HD202025,21 14 01.7914,-22 12 43.610,31.675,-12.035,6.99,6.97,6.925,6.9639999999999995,6.956
HIP29851,06 17 07.9314,-22 22 27.688,3.2689999999999997,-19.283,7.04,7.02,6.975,6.98,7.007999999999999
HD48336,06 41 59.2037,-22 29 05.724,-5.001,6.062,9.1,9.05,8.952,8.963,8.933
HIP27425,05 48 26.1606,-22 29 42.422,-3.657,0.8740000000000001,9.12,9.1,8.916,8.955,8.882
HD91398,10 32 54.6280,-22 31 39.404,-30.581999999999997,-1.135,6.94,6.95,6.968,6.999,6.992999999999999
HIP45712,09 19 07.8637,-22 33 11.111,-27.204,23.429000000000002,7.21,7.18,7.015,7.064,7.021
HIP29469,06 12 32.2981,-22 33 39.086,-5.2589999999999995,7.109,8.25,8.27,8.299,8.363999999999999,8.329
HIP21514,04 37 13.4921,-22 36 53.640,17.07,-2.31,7.86,7.84,7.792000000000001,7.809,7.7860000000000005
HD195062,20 29 47.8419,-22 38 41.228,0.048,-0.557,9.87,9.88,9.693999999999999,9.725,9.668
HD56693,07 17 15.1474,-22 39 12.956,-4.999,-5.058,9.96,9.96,9.821,9.862,9.839
HD60642,07 34 37.6090,-22 45 40.861,-3.48,3.0860000000000003,9.75,9.78,9.826,9.799,9.798
HD58214,07 23 43.4392,-22 51 59.015,-2.978,2.92,8.74,8.7,8.566,8.549,8.532
HIP69973,14 19 05.7471,-22 57 12.754,-26.726999999999997,-0.366,7.92,7.86,7.669,7.694,7.6160000000000005
HIP73820,15 05 16.8046,-23 00 47.953,-16.688,-5.8839999999999995,7.59,7.53,7.301,7.266,7.252999999999999
HIP36136,07 26 38.7602,-23 04 55.365,-5.22,5.078,7.4,7.41,7.33,7.37,7.335
HIP35397,07 18 36.2634,-23 06 30.929,-6.042999999999999,1.05,9.47,9.43,9.459,9.482999999999999,9.437999999999999
HD52509,07 00 35.0185,-23 06 47.536,-5.386,3.09,9.5,9.44,9.427,9.461,9.394
HIP45037,09 10 22.9991,-23 10 36.103,-33.205,4.834,6.5329999999999995,6.531000000000001,6.507000000000001,6.551,6.489
HD61848,07 40 19.5001,-23 13 28.682,-8.578,1.087,9.79,9.71,9.611,9.619,9.612
HD121884,13 58 43.1932,-23 14 41.809,15.737,-6.08,9.0,8.95,8.787,8.771,8.78
HD49128,06 45 59.4181,-23 16 00.337,-0.758,-2.565,9.23,9.16,9.07,9.056000000000001,9.057
HD35902,05 27 00.7356,-23 19 56.612,6.93,-2.673,9.01,8.95,8.877,8.882,8.878
HD33096,05 07 03.8380,-23 22 09.028,-1.329,-5.402,9.48,9.42,9.289,9.269,9.265
HD54029,07 06 22.4364,-23 25 37.317,-7.785,-0.8640000000000001,7.95,7.93,7.854,7.895,7.8389999999999995
HD64857,07 55 00.5944,-23 27 55.328,-11.478,1.2309999999999999,7.01,6.98,6.821000000000001,6.85,6.7829999999999995
HD84473,09 44 56.1358,-23 29 04.117,-6.31,-7.45,7.98,7.94,7.8839999999999995,7.968,7.915
HD59524,07 29 22.2709,-23 31 29.347,-5.361000000000001,11.88,8.82,8.79,8.699,8.767999999999999,8.714
HIP35701,07 21 58.4338,-23 32 16.894,-1.996,0.7959999999999999,8.68,8.65,8.537,8.552,8.53
HD72366,08 31 40.2205,-23 32 20.628,-1.57,-30.93,8.25,8.18,8.036,8.111,8.012
HD52893,07 01 59.2902,-23 34 49.682,-4.4239999999999995,3.5469999999999997,9.55,9.5,9.551,9.526,9.556000000000001
HD70360,08 20 42.6408,-23 36 42.628,-4.977,-3.738,9.29,9.21,9.027999999999999,9.073,8.992
HIP110746,22 26 10.7042,-23 40 56.810,12.589,-1.565,6.257999999999999,6.276,6.257000000000001,6.279,6.285
HIP40591,08 17 15.4980,-23 44 07.784,1.3119999999999998,-5.222,8.45,8.42,8.254,8.277000000000001,8.206
HIP112269,22 44 25.4406,-23 45 53.840,13.128,0.435,8.51,8.47,8.429,8.413,8.392999999999999
HIP51447,10 30 25.2119,-23 51 04.760,1.51,-4.075,8.51,8.49,8.298,8.304,8.292
HD51986,06 58 35.7615,-23 52 51.044,0.745,9.008,6.745,6.712000000000001,6.601,6.593999999999999,6.566
HD73520,08 38 03.4183,-23 55 48.937,-7.771,3.21,9.33,9.27,9.24,9.244,9.238999999999999
HD201725,21 12 02.6698,-24 07 17.264,17.38,8.7,8.02,7.97,7.845,7.899,7.856
HIP46313,09 26 39.7057,-24 10 04.258,-43.361000000000004,7.874,6.895,6.898,6.876,6.9479999999999995,6.876
HIP29194,06 09 29.2787,-24 14 58.772,-2.61,6.65,8.34,8.36,8.354,8.401,8.349
HD44522,06 21 15.3063,-24 15 12.889,1.7619999999999998,2.376,8.99,8.99,9.0,9.001,8.984
HD73379,08 37 19.7704,-24 18 07.191,-2.964,-2.8280000000000003,8.7,8.63,8.372,8.401,8.327
HD74064,08 40 54.1268,-24 25 01.959,-14.649000000000001,5.6370000000000005,8.99,8.99,8.838,8.817,8.804
HD70812,08 23 09.7710,-24 25 36.465,-1.13,0.579,9.33,9.31,9.237,9.257,9.24
HIP33126,06 53 55.4528,-24 32 19.515,-4.6339999999999995,1.7009999999999998,6.237,6.22,6.132999999999999,6.164,6.135
HD123426,14 08 10.1244,-24 33 51.115,-20.618000000000002,-5.152,9.8,9.76,9.607999999999999,9.621,9.591000000000001
HD63485,07 48 12.4687,-24 34 37.901,-29.865,7.381,6.81,6.83,6.849,6.92,6.876
HD145127,16 10 09.8782,-24 34 56.717,-19.562,-33.869,6.66,6.64,6.542000000000001,6.57,6.547000000000001
HD69924,08 18 22.7647,-24 36 58.316,-11.824000000000002,9.228,8.25,8.23,8.135,8.182,8.174
HD39734,05 53 28.1391,-24 39 02.196,3.319,4.533,9.2,9.15,9.105,9.094,9.068999999999999
HD184837,19 37 16.4368,-24 40 10.645,3.1460000000000004,1.476,10.2,10.13,9.668,9.658999999999999,9.629
HD37327,05 36 44.0535,-24 42 11.890,-4.4719999999999995,9.555,8.35,8.32,8.376,8.373,8.366
HD45157,06 24 48.1655,-24 49 32.747,4.55,-1.767,8.71,8.72,8.679,8.761000000000001,8.681000000000001
CPD-242786,07 44 12.5560,-24 53 02.469,-3.2289999999999996,3.45,11.57,11.54,11.446,11.440999999999999,11.431
HD201386,21 09 54.7940,-24 53 15.710,-7.622000000000001,-12.128,10.09,10.1,9.883,9.887,9.844
HIP101384,20 32 52.3599,-24 56 37.779,8.548,-43.773,6.34,6.3389999999999995,6.336,6.36,6.343
HIP93691,19 04 45.8582,-25 13 51.903,7.845,-20.438,7.15,7.09,6.881,6.877000000000001,6.862
HIP84147,17 12 13.6197,-25 15 18.522,-9.308,-47.643,6.4670000000000005,6.499,6.513,6.4910000000000005,6.52
HIP49294,10 03 41.6186,-25 19 00.193,-17.686,4.909,6.7170000000000005,6.705,6.565,6.627000000000001,6.547999999999999
HD124807,14 16 14.1881,-25 21 57.052,-15.62,-4.452,8.91,8.87,8.74,8.779,8.758
HIP28520,06 01 13.0978,-25 25 03.936,-11.838,-20.058,6.063,6.037000000000001,5.957999999999999,5.965,5.926
HD54444,07 07 50.5269,-25 28 21.820,-1.942,4.31,9.24,9.25,9.133,9.151,9.11
HD180542,19 17 56.1291,-25 32 47.532,-2.161,-9.112,10.11,10.04,9.809,9.774,9.749
HD70261,08 20 07.6732,-25 36 01.903,-4.121,-6.037999999999999,9.12,9.07,8.922,8.919,8.921
HD56235,07 15 16.6932,-25 40 35.598,-4.962,3.97,9.67,9.66,9.625,9.626,9.629
HD138813,15 35 16.1057,-25 44 02.991,-18.108,-23.543000000000003,7.37,7.3,7.159,7.18,7.172000000000001
HD58392,07 24 24.7430,-25 44 31.103,-2.2119999999999997,6.528,9.03,9.03,8.997,9.041,8.996
HD53248,07 03 20.0593,-25 52 10.312,-2.211,-0.001,9.4,9.38,9.257,9.25,9.211
HD35286,05 22 35.2575,-25 54 30.845,0.26,-8.381,9.64,9.58,9.487,9.519,9.482999999999999
HD39857,05 54 11.2967,-25 54 44.717,-1.706,3.907,9.52,9.45,9.509,9.537,9.507
HIP67143,13 45 36.8915,-26 06 57.635,-71.667,-10.275,5.814,5.795,5.744,5.744,5.711
HIP36837,07 34 28.8413,-26 07 00.668,-19.31,-29.413,6.64,6.65,6.625,6.682,6.655
HD67731,08 08 23.6819,-26 08 53.231,-16.235,25.162,9.37,9.33,9.046,9.044,9.024
HD48206,06 41 07.9300,-26 08 54.967,-4.246,4.244,9.29,9.23,9.138,9.145,9.097000000000001
HD90738,10 28 11.6238,-26 11 20.594,1.5090000000000001,-7.251,10.42,10.39,10.125,10.115,10.085
HD47921,06 39 51.3835,-26 11 27.185,-6.925,3.1910000000000003,9.47,9.4,9.296,9.281,9.261000000000001
HD98201,11 17 37.6980,-26 11 29.317,-13.770999999999999,-3.562,9.55,9.51,9.421,9.395,9.367
HIP42334,08 37 52.1521,-26 15 17.997,-23.320999999999998,-12.579,5.23,5.27,5.284,5.35,5.321000000000001
HD38428,05 44 36.7266,-26 15 45.089,9.422,7.445,9.69,9.65,9.597000000000001,9.59,9.578
HD131885,14 56 57.4546,-26 17 06.095,-20.741,-26.22,6.91,6.9,6.779,6.794,6.749
HD71213,08 25 12.2668,-26 17 55.289,-5.981,4.122,9.18,9.15,9.014,9.066,9.027000000000001
HIP48293,09 50 46.8156,-26 20 00.450,-12.255999999999998,-0.258,8.94,8.92,8.897,8.981,8.912
HD61651,07 39 19.0744,-26 25 27.943,-0.85,-4.529,9.3,9.25,9.087,9.093,9.073
HIP9285,01 59 19.5830,-26 25 56.035,70.90899999999999,13.248,6.81,6.79,6.739,6.765,6.742999999999999
HD59280,07 28 12.6735,-26 26 18.888,-7.597,0.858,8.43,8.41,8.307,8.339,8.273
HD65943,08 00 20.3037,-26 30 05.032,0.16,-3.431,9.62,9.6,9.541,9.543,9.545
HD66182,08 01 23.3188,-26 36 01.195,-5.5920000000000005,1.9380000000000002,9.55,9.53,9.475,9.527999999999999,9.48
HIP38125,07 48 45.8167,-26 37 07.228,-8.043,8.607999999999999,9.08,9.07,8.995,9.023,9.025
HD66619,08 03 28.6772,-26 39 46.630,-5.377000000000001,3.241,10.1,10.03,9.879,9.849,9.882
CPD-262359,07 39 36.3558,-26 52 19.009,-4.769,1.96,11.42,11.38,11.405999999999999,11.444,11.437999999999999
HD195225,20 30 58.2084,-26 58 32.198,2.8560000000000003,-6.568,9.14,9.08,8.981,9.01,8.957
HD70794,08 23 02.5752,-27 00 54.429,-1.1740000000000002,-2.2159999999999997,8.21,8.16,7.975,8.033999999999999,7.956
HD53732,07 05 00.2789,-27 06 51.063,-8.082,2.862,7.61,7.62,7.645,7.672999999999999,7.622000000000001
HD51987,06 58 24.6479,-27 09 38.517,-15.825,2.035,9.12,9.09,8.967,9.01,8.934
HD70285,08 20 15.7873,-27 11 41.335,-9.051,3.4330000000000003,8.98,8.93,8.697000000000001,8.685,8.674
HD202941,21 19 51.4256,-27 12 32.913,8.418,-1.901,7.05,7.05,7.062,7.099,7.077000000000001
HD55715,07 12 57.5823,-27 12 44.473,-8.995,3.955,9.35,9.32,9.299,9.35,9.283999999999999
HD66697,08 03 49.1534,-27 18 52.760,-7.582999999999999,2.905,9.7,9.65,9.581,9.591000000000001,9.547
HIP36267,07 28 02.6667,-27 21 57.428,-3.8739999999999997,4.377,9.83,9.79,9.596,9.578,9.558
HIP24831,05 19 23.6851,-27 22 07.985,-3.5210000000000004,-8.404,5.942,5.972,5.9879999999999995,6.027,6.024
HD87727,10 06 24.4864,-27 25 19.219,-12.377,2.592,9.68,9.65,9.658,9.689,9.665
HD46038,06 29 50.9825,-27 25 19.403,-5.559,-0.332,8.92,8.87,8.704,8.692,8.693999999999999
HD197437,20 44 37.0871,-27 26 09.218,8.508,0.273,8.65,8.61,8.389,8.398,8.365
HD73865,08 39 35.6587,-27 32 19.303,-7.827999999999999,8.566,8.85,8.82,8.662,8.649,8.621
HD63115,07 46 13.8334,-27 35 19.168,-7.797999999999999,0.305,9.15,9.13,9.089,9.07,9.047
HD69063,08 14 16.3974,-27 35 34.434,-8.283999999999999,4.543,9.97,9.92,9.683,9.672,9.651
HIP106576,21 35 04.7692,-27 36 44.013,10.812999999999999,-8.214,9.08,9.02,9.077,9.048,9.027000000000001
HD68802,08 13 07.1271,-27 43 05.483,-4.654,3.431,9.53,9.49,9.423,9.4,9.381
HIP97408,19 47 52.4754,-27 43 55.146,6.07,-11.68,8.55,8.49,8.227,8.203,8.204
HD78561,09 08 05.1337,-27 45 12.314,-10.885,-7.569,9.06,8.99,8.802,8.802,8.776
HD50917,06 54 01.6903,-27 45 36.051,-7.284,16.607,8.38,8.32,8.195,8.22,8.2
HD74574,08 43 49.6435,-27 46 53.429,-8.125,5.489,10.01,9.94,9.775,9.798,9.749
HD131223,14 53 06.4907,-27 49 35.652,-5.156000000000001,-5.428999999999999,9.25,9.18,8.957,8.958,8.911
HD71101,08 24 34.3617,-27 50 10.574,-3.472,-0.062,9.6,9.59,9.514,9.498,9.48
HD71437,08 26 31.6502,-27 50 31.680,-10.717,5.557,9.52,9.47,9.381,9.378,9.341000000000001
HD68294,08 10 46.4447,-27 51 43.557,-1.625,4.257,9.16,9.11,8.884,8.876,8.847999999999999
HD72399,08 31 46.2985,-27 55 36.682,0.355,-3.826,8.85,8.8,8.636000000000001,8.674,8.636000000000001
HD62333,07 42 19.5024,-27 55 56.403,-13.642000000000001,9.003,8.65,8.65,8.616,8.668,8.633
HIP17007,03 38 47.6715,-27 56 34.993,20.986,26.456,5.99,6.01,6.007999999999999,6.065,6.007999999999999
HD81150,09 23 07.8363,-27 57 12.083,-7.766,4.053999999999999,9.61,9.6,9.459,9.49,9.425
HD83547,09 38 30.0662,-27 59 06.598,-8.712,1.238,8.69,8.63,8.515,8.437999999999999,8.48
HIP79878,16 18 16.1596,-28 02 30.144,-11.169,-25.487,7.05,7.06,7.029,7.101,7.041
HD125438,14 20 08.3353,-28 02 56.537,-30.301,-19.561,7.26,7.2,7.016,7.062,7.01
HIP45288,09 13 47.5041,-28 05 24.218,-19.82,15.01,7.99,7.93,7.779,7.818,7.769
HD70212,08 19 46.4467,-28 11 08.643,-3.0660000000000003,2.024,10.14,10.07,9.92,9.915,9.897
HIP42524,08 40 11.8975,-28 24 52.347,-14.004000000000001,0.462,8.26,8.19,8.067,8.062000000000001,8.026
HD43070,06 12 59.1574,-28 27 48.989,4.937,29.430999999999997,7.3,7.27,7.244,7.26,7.221
HD57409,07 19 59.6039,-28 30 00.123,-0.9790000000000001,-6.346,8.96,8.9,8.791,8.844,8.807
HD42750,06 11 07.9714,-28 35 53.248,-6.867999999999999,-0.8079999999999999,8.4,8.36,8.331,8.344,8.337
HD56751,07 17 07.2043,-28 36 01.302,-16.404,-5.004,7.1,7.11,7.0729999999999995,7.068,7.077000000000001
HD52488,07 00 14.9915,-28 36 25.489,1.868,-0.467,9.09,9.07,9.07,9.111,9.037
HIP96408,19 36 03.1869,-28 40 06.160,15.459000000000001,-7.022,7.96,7.91,7.749,7.85,7.773
HD65998,08 00 30.0279,-28 43 56.072,-4.768,3.97,9.46,9.51,9.497,9.516,9.515
HD64874,07 54 57.7573,-28 47 55.214,-5.045,-2.084,9.39,9.32,9.232000000000001,9.222000000000001,9.174
HD101491,11 40 41.6074,-28 52 55.957,-6.459,-1.6019999999999999,9.8,9.77,9.625,9.543,9.58
HIP55576,11 23 05.1303,-28 53 49.124,-9.786,-3.7910000000000004,7.51,7.52,7.47,7.497000000000001,7.482
HD56996,07 18 07.7229,-28 56 31.022,5.546,-11.38,8.69,8.64,8.459,8.488,8.429
HIP45176,09 12 21.8820,-28 56 51.307,-22.901999999999997,12.444,6.75,6.75,6.629,6.645,6.587999999999999
HD194324,20 26 03.0950,-29 02 20.917,10.704,-0.263,9.2,9.18,8.987,8.967,8.976
HIP40414,08 15 00.8831,-29 04 03.983,-16.585,14.945,8.99,8.95,8.812000000000001,8.876,8.798
HIP67523,13 50 06.5084,-29 04 52.766,-50.59,-32.55,6.171,6.186,6.192,6.234,6.194
HD117248,13 29 32.7164,-29 05 32.132,7.081,-3.097,10.12,10.08,9.838,9.849,9.792
HD118146,13 35 30.8789,-29 09 20.452,-12.7,-5.855,8.86,8.8,8.712,8.77,8.731
HD69375,08 15 42.5010,-29 09 24.882,-14.53,10.533,9.39,9.33,9.253,9.253,9.203
HIP76728,15 40 06.6793,-29 13 28.151,-8.335,-6.2139999999999995,9.33,9.27,8.847999999999999,8.842,8.795
HD48629,06 43 06.0476,-29 14 14.373,-1.834,1.5490000000000002,7.278,7.27,7.246,7.256,7.249
HD41473,06 04 07.2169,-29 20 20.526,-6.6160000000000005,-0.24100000000000002,7.77,7.8,7.784,7.8420000000000005,7.797000000000001
HIP47209,09 37 14.9635,-29 24 16.970,-17.683,12.347999999999999,9.14,9.11,8.966000000000001,8.988,8.993
HD46010,06 29 33.0486,-29 29 43.988,-11.161,5.555,9.48,9.45,9.288,9.307,9.305
HD71178,08 24 55.7843,-29 30 46.956,-3.2510000000000003,-0.271,9.67,9.69,9.597999999999999,9.618,9.621
HD97159,11 10 46.0930,-29 34 27.099,4.875,-3.537,8.91,8.88,8.781,8.786,8.729
HD126174,14 24 36.6970,-29 37 09.646,-16.930999999999997,-19.348,8.36,8.29,8.065,8.04,8.015
HD31289,04 53 09.8121,-29 41 56.158,0.602,8.964,10.23,10.2,10.227,10.254000000000001,10.249
HD78973,09 10 13.6958,-29 44 52.443,-9.312999999999999,5.824,9.85,9.78,9.519,9.488,9.497
HD66724,08 03 46.5667,-29 46 03.128,-6.121,1.308,9.34,9.31,9.254,9.302999999999999,9.292
HD61137,07 36 37.7797,-29 46 56.791,-10.300999999999998,7.37,8.97,9.0,8.996,9.009,9.013
HD82313,09 30 23.2214,-29 49 39.994,-9.092,0.305,9.65,9.61,9.485,9.48,9.476
HD81090,09 22 47.9569,-29 52 11.384,-17.697,4.769,9.77,9.73,9.69,9.695,9.705
HD63050,07 45 46.2845,-29 57 00.169,2.378,-0.319,8.97,8.95,8.808,8.881,8.826
HD89314,10 17 39.8235,-29 58 15.400,-2.8480000000000003,-0.56,9.64,9.58,9.516,9.506,9.509
HD72644,08 33 04.1801,-29 58 32.402,3.8,-5.004,8.93,8.87,8.703,8.731,8.701
HD60956,07 35 44.8005,-30 03 32.698,-1.7380000000000002,-3.542,8.62,8.6,8.543,8.554,8.527999999999999
HD61638,07 38 59.3739,-30 08 19.409,-2.9930000000000003,7.638999999999999,8.55,8.52,8.423,8.384,8.382
HD40028,05 54 59.5404,-30 18 20.830,-5.782,11.504000000000001,7.84,7.8,7.737,7.781000000000001,7.736000000000001
HD65286,07 56 51.3453,-30 22 38.953,-5.5760000000000005,-0.228,9.29,9.23,9.103,9.052999999999999,9.067
HR1972,05 42 11.5788,-30 32 07.572,-1.545,1.885,6.189,6.172000000000001,6.108,6.175,6.0889999999999995
HD66018,08 00 28.4621,-30 33 13.996,-8.855,5.396,10.14,10.08,10.092,10.111,10.081
HD74004,08 40 21.1037,-30 33 18.119,-2.795,-0.521,9.59,9.6,9.564,9.551,9.52
HD74315,08 42 18.6895,-30 33 55.372,-0.489,-1.776,9.22,9.18,9.089,9.083,9.068999999999999
HD33551,05 09 42.3704,-30 55 35.151,10.963,21.285999999999998,9.87,9.84,9.829,9.892000000000001,9.866
HD54838,07 09 08.3330,-30 57 19.435,-11.884,6.398,8.67,8.63,8.467,8.502,8.49
HIP42930,08 45 00.7320,-30 58 41.072,-9.003,7.066,7.19,7.15,6.95,7.0360000000000005,6.9239999999999995
HD78222,09 06 09.8214,-30 59 26.820,-8.476,5.289,9.46,9.44,9.322000000000001,9.291,9.304
HD40236,05 56 15.8174,-31 01 30.093,8.032,-7.417999999999999,9.93,9.86,9.834,9.838,9.834
HD179697,19 14 48.6485,-31 05 02.940,-2.2,-7.9,8.92,8.88,8.692,8.704,8.703
HD169043,18 24 07.4324,-31 07 55.433,9.161,-2.611,9.76,9.71,9.402999999999999,9.417,9.347000000000001
HD61594,07 38 45.6363,-31 09 13.994,-6.922999999999999,2.13,8.36,8.36,8.354,8.405,8.361
HD63098,07 45 51.0763,-31 24 46.548,-6.5089999999999995,5.733,9.57,9.57,9.427,9.448,9.405
HD48649,06 43 09.5568,-31 24 54.005,-0.44799999999999995,4.012,9.93,9.92,9.816,9.842,9.801
HD147779,16 25 04.6768,-31 25 19.251,-9.524,-23.695,7.12,7.14,7.0889999999999995,7.081,7.0729999999999995
HD76785,08 57 25.3393,-31 28 02.437,0.907,-1.083,9.5,9.43,9.33,9.321,9.315
HD199090,20 55 54.4561,-31 30 20.432,35.826,-6.635,7.98,7.91,7.82,7.8389999999999995,7.841
HD21999,03 31 34.9671,-31 40 24.703,-1.892,-16.025,7.66,7.62,7.502999999999999,7.505,7.502000000000001
HD42586,06 10 08.7966,-31 41 26.125,-1.479,6.115,9.98,9.91,9.872,9.873,9.836
HD142851,15 57 59.3443,-31 43 44.140,-13.792,-26.1,6.99,7.02,7.005,7.12,7.032
HD36022,05 27 24.7598,-31 45 24.562,0.721,-4.452,9.11,9.12,9.177,9.193,9.156
HIP53433,10 55 51.2037,-31 47 10.696,-28.872,2.7739999999999996,7.36,7.34,7.131,7.165,7.0729999999999995
HD218350,23 07 29.5186,-31 48 09.021,10.533,5.113,8.59,8.53,8.389,8.385,8.374
HD46996,06 34 57.5940,-31 50 39.895,4.902,-1.026,8.18,8.19,8.152000000000001,8.229,8.19
HD27803,04 21 59.7172,-31 54 09.445,3.35,-2.013,9.94,9.88,9.791,9.789,9.779
HIP36217,07 27 30.5797,-31 56 20.900,-6.034,3.753,9.17,9.2,9.24,9.259,9.28
HIP35641,07 21 15.8234,-32 01 36.018,-8.146,4.273,9.35,9.32,9.318,9.357999999999999,9.34
HD54174,07 06 33.2065,-32 05 24.311,-14.052999999999999,1.162,8.9,8.84,8.736,8.716000000000001,8.7
HIP25832,05 30 54.4833,-32 06 41.882,7.268,16.574,8.57,8.5,8.383,8.411,8.384
HD56928,07 17 40.0433,-32 08 42.341,2.0540000000000003,13.100999999999999,9.35,9.32,9.209,9.191,9.167
HD83318,09 36 37.9543,-32 14 38.129,-8.842,2.4219999999999997,9.1,9.07,8.891,8.845,8.857999999999999
HD46329,06 31 18.3340,-32 16 39.536,-7.84,1.1320000000000001,9.33,9.27,9.273,9.283999999999999,9.216000000000001
HD74335,08 42 23.0180,-32 27 37.044,-4.598,0.67,8.81,8.77,8.607000000000001,8.625,8.628
HIP61211,12 32 35.0555,-32 27 51.006,-27.345,-0.595,7.61,7.57,7.4879999999999995,7.487,7.446000000000001
HD54523,07 07 46.5928,-32 28 05.188,-5.279,5.943,9.96,9.9,9.77,9.812000000000001,9.734
HD56732,07 16 53.4618,-32 28 54.960,-0.8590000000000001,0.7829999999999999,10.36,10.44,10.257,10.262,10.258
HR903,02 59 38.3052,-32 30 25.914,7.403,9.693,6.309,6.3020000000000005,6.272,6.263,6.26
HD60976,07 35 41.8660,-32 34 35.160,-6.444,4.124,9.76,9.76,9.615,9.593,9.566
HD55297,07 11 00.8123,-32 37 41.455,-5.002,6.468,9.59,9.54,9.512,9.541,9.51
HIP92197,18 47 23.7051,-32 38 51.573,1.95,-6.712999999999999,8.79,8.73,8.61,8.684,8.618
HD27288,04 17 09.5304,-32 38 53.375,33.713,40.757,9.54,9.49,9.379,9.411,9.355
HD174672,18 53 04.8813,-32 41 43.335,-3.5069999999999997,-5.52,10.49,10.42,9.978,9.937000000000001,9.935
HD59366,07 28 11.9647,-32 41 56.678,-4.609,3.742,9.71,9.72,9.686,9.734,9.681000000000001
HD100511,11 33 53.8946,-32 47 48.239,-13.196,-0.489,9.32,9.27,9.173,9.166,9.158999999999999
HIP43081,08 46 30.4747,-32 50 26.756,-14.255,8.237,8.85,8.81,8.686,8.713,8.682
HD133750,15 07 13.7038,-32 54 36.570,-8.61,-11.61,7.23,7.17,7.028,7.04,7.031000000000001
HD126108,14 24 23.4191,-32 58 52.670,-11.107000000000001,-2.523,8.77,8.76,8.615,8.606,8.582
HD130540,14 49 49.1407,-32 59 09.798,-11.405,0.442,8.65,8.63,8.498,8.533999999999999,8.504
HD41921,06 06 22.0966,-33 00 01.165,-6.784,-1.046,8.55,8.51,8.44,8.47,8.445
HD118997,13 41 15.9607,-33 00 57.083,2.447,-3.2560000000000002,10.1,10.07,10.01,9.992,9.991
HD194982,20 29 41.7285,-33 01 35.516,6.949,-13.562000000000001,8.62,8.58,8.525,8.548,8.519
HD46773,06 33 49.3731,-33 02 18.217,0.841,7.165,8.17,8.13,8.111,8.173,8.084
HD84378,09 44 06.7205,-33 07 02.132,-14.472999999999999,2.405,8.86,8.79,8.597000000000001,8.623,8.575
HIP76217,15 34 10.0988,-33 10 16.853,-34.672,-31.611,7.0,6.97,6.935,6.976,6.949
HD70726,08 22 18.1900,-33 15 10.374,-2.511,3.156,9.48,9.46,9.253,9.248,9.2
HD173079,18 45 01.4236,-33 15 16.671,4.571000000000001,-5.504,9.17,9.17,9.0,9.046,8.96
HD165790,18 09 15.0080,-33 17 41.670,8.181000000000001,-13.164000000000001,9.55,9.57,9.168,9.175,9.147
HD67242,08 05 46.4565,-33 19 59.174,-12.498,0.5670000000000001,7.92,7.86,7.774,7.7829999999999995,7.797000000000001
HD74207,08 41 28.6566,-33 22 01.992,-9.744,2.28,9.75,9.71,9.6,9.605,9.6
HD67164,08 05 27.8341,-33 22 10.875,-14.468,8.09,9.14,9.11,9.03,9.081,9.051
HD85434,09 50 52.8631,-33 22 27.256,-1.5230000000000001,-0.679,9.38,9.33,9.202,9.182,9.158999999999999
HIP78359,15 59 55.0515,-33 23 07.181,-10.389000000000001,-18.351,6.85,6.82,6.765,6.769,6.744
HD179904,19 15 46.7322,-33 31 49.752,8.554,-9.484,7.55,7.53,7.425,7.457000000000001,7.422999999999999
HD194272,20 25 56.4873,-33 38 09.511,7.022,-13.384,8.0,8.0,7.962999999999999,7.968999999999999,7.98
HIP32479,06 46 43.4702,-33 40 08.051,-3.134,-3.589,8.58,8.52,8.328,8.417,8.3
HD54891,07 09 15.7754,-33 40 42.986,-5.995,6.593,9.7,9.63,9.601,9.59,9.581
HD98367,11 18 37.4485,-33 45 12.398,-38.534,9.675,8.34,8.27,8.058,8.074,8.029
HD84581,09 45 24.2259,-33 47 50.543,-8.957,0.444,8.33,8.29,8.185,8.235,8.176
HD170065,18 28 56.8998,-33 53 53.645,-3.492,-9.325,9.71,9.65,9.349,9.311,9.29
HD28913,04 31 59.7907,-33 53 54.998,3.295,-1.4709999999999999,8.15,8.1,8.002,8.056000000000001,8.033
HD58469,07 24 22.3058,-33 55 30.941,-5.7010000000000005,3.0239999999999996,9.36,9.3,9.213,9.216000000000001,9.179
HD22687,03 37 31.3583,-33 56 58.718,0.006,-4.83,8.58,8.56,8.501,8.494,8.497
HD22861,03 39 02.9032,-33 58 00.285,0.418,-1.147,9.42,9.36,9.263,9.26,9.244
HD92160,10 37 55.9499,-33 58 47.227,-10.97,3.4410000000000003,9.56,9.5,9.45,9.446,9.406
HIP22136,04 45 49.6657,-34 00 18.005,42.985,15.932,6.8389999999999995,6.8420000000000005,6.803999999999999,6.832999999999999,6.791
HD54772,07 08 44.3965,-34 03 36.435,1.402,1.35,8.95,8.9,8.77,8.818999999999999,8.796
HD89213,10 16 51.7361,-34 07 38.392,-21.255,9.247,7.4,7.4,7.307,7.332999999999999,7.294
HD59464,07 28 35.7753,-34 19 52.426,-6.3839999999999995,5.3229999999999995,9.73,9.68,9.617,9.613999999999999,9.578
HD63340,07 47 08.6299,-34 20 35.083,-4.466,6.76,8.63,8.6,8.413,8.419,8.418
HIP47020,09 34 57.1938,-34 22 02.651,-1.014,-3.062,7.34,7.31,7.229,7.247999999999999,7.247000000000001
HD163193,17 56 23.2153,-34 29 52.157,3.358,-4.877,8.84,8.8,8.381,8.324,8.336
HIP44751,09 07 12.0808,-34 31 10.844,-15.540999999999999,13.399000000000001,7.9,7.87,7.796,7.832999999999999,7.78
HIP70097,14 20 37.3512,-34 40 40.420,-26.928,-7.447,7.67,7.71,7.659,7.727,7.667000000000001
HIP70993,14 31 13.0863,-34 40 52.049,-9.213,-14.8,7.84,7.78,7.579,7.574,7.56
HD60395,07 32 50.7026,-34 40 55.618,-2.254,0.185,9.96,9.93,9.786,9.764,9.735
HD67188,08 05 28.6956,-34 41 28.717,-7.1129999999999995,16.474,9.16,9.12,9.04,9.027999999999999,9.006
HD86396,09 57 26.2298,-34 41 45.421,-13.54,4.351,9.54,9.48,9.445,9.437999999999999,9.415
HIP57423,11 46 22.1293,-34 45 12.821,50.282,-36.403,7.69,7.7,7.706,7.767,7.736000000000001
HD86845,10 00 23.7261,-34 55 14.275,-5.4910000000000005,1.702,10.01,9.97,9.897,9.908,9.866
HIP69021,14 07 47.4156,-34 56 58.073,-16.63,-4.45,7.37,7.33,7.209,7.284,7.165
HD167800,18 18 21.2483,-34 58 12.093,-2.553,-8.497,8.78,8.72,8.455,8.441,8.448
HIP37167,07 38 15.5864,-34 58 49.402,-0.67,-7.062,7.92,7.85,7.702000000000001,7.75,7.666
HD42361,06 08 41.2294,-35 01 02.844,-6.649,-2.9789999999999996,8.52,8.51,8.47,8.493,8.501
HD71716,08 27 33.6388,-35 01 39.567,-8.81,6.447,8.68,8.65,8.586,8.6,8.617
HD75885,08 51 35.9486,-35 03 20.170,-2.024,-5.06,9.64,9.63,9.463,9.486,9.447000000000001
HD68735,08 12 22.2549,-35 03 53.536,-5.497000000000001,1.395,9.26,9.22,9.097999999999999,9.103,9.058
HD73383,08 36 51.2730,-35 05 26.484,-5.437,-6.747000000000001,8.27,8.25,8.104,8.15,8.106
HD87945,10 07 38.1516,-35 13 53.498,0.466,-1.8030000000000002,8.99,8.95,8.785,8.818,8.792
HIP35030,07 14 46.2450,-35 14 51.640,-10.737,6.1370000000000005,8.68,8.68,8.646,8.683,8.683
HIP49032,10 00 13.6476,-35 18 48.348,-28.938000000000002,17.816,7.89,7.85,7.761,7.818,7.779
HD47829,06 38 59.2784,-35 30 05.909,-9.919,11.684000000000001,9.49,9.45,9.367,9.377,9.31
HIP28855,06 05 27.1786,-35 30 49.126,13.472000000000001,16.229,5.818,5.795,5.724,5.767,5.739
HD116413,13 24 03.4016,-35 33 21.454,-10.925999999999998,-6.796,9.07,9.04,8.969,8.987,8.978
HD74789,08 44 48.5486,-35 42 40.335,-7.768,-1.7209999999999999,9.82,9.77,9.642999999999999,9.672,9.65
HIP52324,10 41 30.3393,-35 43 52.054,-23.905,-4.625,6.8420000000000005,6.803999999999999,6.736000000000001,6.774,6.7379999999999995
HD170147,18 29 29.6437,-35 46 02.028,2.145,-7.311,9.24,9.19,9.019,9.009,8.995
HD122109,14 00 29.2651,-35 47 08.103,-14.07,-3.807,8.04,7.99,7.905,7.9270000000000005,7.85
HIP64003,13 06 54.2455,-35 51 43.367,49.818999999999996,-79.822,5.672000000000001,5.63,5.604,5.629,5.563
HD53783,07 04 43.5629,-35 54 53.849,-2.3209999999999997,0.867,9.63,9.56,9.292,9.257,9.234
HIP42775,08 42 56.9990,-35 56 35.883,-10.446,19.65,6.428999999999999,6.4110000000000005,6.335,6.353,6.327999999999999
HD79755,09 14 46.3942,-35 57 43.037,-23.456,4.716,7.31,7.27,7.221,7.232,7.199
HD71948,08 28 46.7216,-35 59 19.806,-7.641,1.506,9.69,9.64,9.497,9.495,9.496
HD76851,08 57 35.6337,-36 02 07.105,-13.305,6.564,10.49,10.47,10.255999999999998,10.267999999999999,10.202
HD74751,08 44 30.2008,-36 04 09.284,-5.9639999999999995,5.827000000000001,9.42,9.38,9.396,9.417,9.421
HIP55629,11 23 47.5265,-36 05 21.151,-26.526999999999997,1.995,6.99,6.98,6.871,6.891,6.843
HIP59950,12 17 47.2656,-36 05 38.323,-40.44,-7.19,6.148,6.14,6.147,6.212000000000001,6.155
HD77300,09 00 34.6064,-36 05 53.746,-7.252000000000001,4.252,9.53,9.46,9.339,9.329,9.281
HD25536,04 01 58.3297,-36 05 57.835,11.237,2.6310000000000002,8.43,8.39,8.288,8.292,8.285
HD122394,14 02 22.4457,-36 10 45.879,-9.713,-16.2,7.087000000000001,7.047000000000001,6.836,6.87,6.791
HIP6257,01 20 15.7719,-36 14 34.442,-9.543,-13.65,7.486000000000001,7.439,7.296,7.303999999999999,7.28
HD42166,06 07 30.7675,-36 18 33.999,3.068,-11.565999999999999,7.82,7.79,7.771,7.859,7.74
HD196497,20 39 04.4231,-36 21 21.541,7.079,-14.377,8.14,8.12,8.089,8.087,8.101
HD67189,08 05 29.6724,-36 30 16.102,-10.429,7.53,9.28,9.29,9.097000000000001,9.116,9.085
HD173487,18 47 08.1128,-36 30 36.832,5.994,-3.1039999999999996,10.2,10.18,10.024,10.027999999999999,10.007
HD66862,08 04 04.0334,-36 34 03.522,-6.484,-8.816,8.61,8.54,8.411,8.437000000000001,8.381
HD41630,06 04 36.8675,-36 39 11.597,-5.275,-2.7739999999999996,8.32,8.31,8.281,8.316,8.301
HIP60819,12 27 57.0146,-36 42 25.796,-26.761999999999997,-10.474,7.75,7.72,7.593999999999999,7.62,7.609
HD197340,20 44 20.4701,-36 44 31.629,6.462999999999999,-13.482000000000001,9.49,9.46,9.45,9.418,9.415
HIP78541,16 02 04.8366,-36 44 38.078,-23.296,-20.585,7.0,6.98,6.945,7.0089999999999995,6.9670000000000005
HIP7941,01 42 02.9937,-36 49 56.290,-29.465,-16.607,5.693,5.6979999999999995,5.697,5.724,5.685
HD88038,10 08 08.4122,-37 03 41.888,-10.894,-0.892,8.64,8.59,8.372,8.425,8.399
HIP50708,10 21 15.6268,-37 07 57.752,-18.857,5.933,8.4,8.34,8.232000000000001,8.216000000000001,8.192
HD169257,18 25 31.4601,-37 08 56.811,9.886000000000001,6.404,7.97,7.9,7.812,7.849,7.815
HD68050,08 09 19.4847,-37 13 32.611,-9.013,6.415,9.72,9.7,9.557,9.567,9.537
HIP25608,05 28 15.3348,-37 13 50.746,11.003,68.597,5.575,5.5520000000000005,5.519,5.506,5.502000000000001
HD174689,18 53 24.6833,-37 16 27.781,2.905,-27.045,7.41,7.38,7.244,7.273,7.242000000000001
HD86019,09 54 54.7486,-37 20 24.273,1.5419999999999998,0.789,8.45,8.4,8.283,8.299,8.309
HIP64381,13 11 43.5712,-37 23 51.083,-4.414,-9.5,8.36,8.33,8.193,8.19,8.216000000000001
HIP86098,17 35 43.0772,-37 26 23.541,-15.718,-33.806,6.492999999999999,6.462999999999999,6.395,6.4079999999999995,6.347
HIP34216,07 05 39.6860,-37 37 46.285,-9.389,7.257000000000001,8.76,8.69,8.527000000000001,8.52,8.488
HD212787,22 27 29.6125,-37 40 43.466,3.0839999999999996,1.153,9.75,9.76,9.817,9.802999999999999,9.792
HIP54170,11 04 52.5514,-37 42 13.363,-14.409,-4.8,8.46,8.39,8.215,8.255,8.198
HD153767,17 03 00.3375,-37 43 10.741,-8.861,-14.23,7.45,7.43,7.32,7.3629999999999995,7.3
HIP49784,10 09 45.4478,-37 43 55.538,-15.312999999999999,-10.414000000000001,7.66,7.62,7.558,7.565,7.553999999999999
HD72689,08 32 57.6892,-37 45 00.201,-9.527999999999999,4.6,9.28,9.26,9.187000000000001,9.152000000000001,9.167
HD117181,13 29 18.1664,-37 45 06.098,1.736,-3.3160000000000003,9.14,9.08,9.026,9.118,9.059
HD99626,11 27 24.1202,-37 48 01.018,-7.145,5.48,9.56,9.55,9.612,9.671,9.647
HD80973,09 21 49.9510,-37 53 20.972,-8.695,3.173,9.96,9.94,9.816,9.783999999999999,9.817
HIP44389,09 02 32.1195,-37 55 59.778,-11.013,2.944,9.05,9.02,8.912,8.998,8.936
HD88126,10 08 48.4048,-38 10 31.644,-19.109,12.481,9.28,9.24,9.129,9.116,9.078
HD53983,07 05 24.1380,-38 14 02.110,-3.1710000000000003,-10.265,7.82,7.8,7.687,7.716,7.699
HD85174,09 49 10.2899,-38 14 37.952,-11.59,6.406000000000001,9.61,9.56,9.345,9.357000000000001,9.302999999999999
HD150641,16 43 56.5059,-38 20 01.643,-11.145,-21.955,7.9,7.83,7.803999999999999,7.8260000000000005,7.768
HD108770,12 30 00.6487,-38 20 21.074,-15.074000000000002,-1.13,8.3,8.29,8.258,8.27,8.218
HD59551,07 28 43.2555,-38 23 03.237,3.6830000000000003,4.129,9.48,9.42,9.264,9.301,9.217
HD82680,09 32 24.2053,-38 26 39.143,-13.734000000000002,3.312,9.56,9.56,9.578,9.578,9.575
HIP58316,11 57 30.6084,-38 29 46.569,-14.286,13.798,7.33,7.26,7.103,7.077999999999999,7.059
HD130757,14 51 06.0836,-38 39 57.013,-8.149,-7.031000000000001,10.23,10.16,9.886000000000001,9.85,9.838
HD167580,18 17 41.7891,-38 43 25.959,-0.086,0.141,10.05,10.0,9.757,9.769,9.792
HIP75501,15 25 20.2092,-38 44 00.880,-41.573,-24.603,4.6,4.6,4.446000000000001,4.353,4.4830000000000005
HD173338,18 46 27.4058,-38 50 16.691,4.0360000000000005,-11.527999999999999,8.9,8.87,8.766,8.785,8.765
HD99677,11 27 44.2932,-38 51 09.536,-18.775,-1.466,8.98,8.93,8.695,8.718,8.72
HD76609,08 55 49.7343,-39 00 56.553,-4.867,6.106,9.37,9.33,9.23,9.254,9.193999999999999
HD86398,09 57 20.8664,-39 02 06.447,-11.592,5.02,9.84,9.83,9.685,9.711,9.701
HD164366,18 02 33.5390,-39 03 15.191,-0.196,-5.441,9.49,9.5,9.398,9.374,9.35
HD91067,10 30 03.9663,-39 03 42.584,-12.244000000000002,2.419,10.02,9.96,9.747,9.769,9.703
HIP46124,09 24 21.9701,-39 05 57.903,-20.8,9.221,9.12,9.06,8.939,8.967,8.902000000000001
HD112680,12 58 52.7227,-39 06 20.342,-44.911,-14.999,6.96,6.93,6.835,6.862,6.8660000000000005
HIP35393,07 18 33.5127,-39 12 37.020,-9.599,9.554,5.261,5.242999999999999,5.092,5.12,5.093
HD107714,12 22 50.9938,-39 15 07.571,-23.261999999999997,-0.792,9.12,9.06,8.892000000000001,8.943,8.879
HD79941,09 15 39.9587,-39 17 30.056,-8.073,1.579,9.37,9.36,9.201,9.169,9.142999999999999
HD54285,07 06 31.5452,-39 17 50.739,-9.82,7.869,8.83,8.77,8.745,8.689,8.728
HD80304,09 17 41.5845,-39 19 47.070,-9.138,2.096,10.19,10.15,10.195,10.232000000000001,10.225
HD78397,09 06 46.6621,-39 22 30.659,-7.252999999999999,6.952000000000001,9.93,9.9,9.785,9.836,9.79
HD162820,17 54 46.1693,-39 24 13.820,-2.011,-13.831,8.56,8.49,8.304,8.302,8.307
HD210083,22 08 46.2155,-39 27 49.431,14.719000000000001,0.41600000000000004,8.19,8.15,7.997999999999999,7.995,7.997000000000001
HIP39864,08 08 36.1516,-39 29 56.813,-13.167,16.429000000000002,7.18,7.15,7.097,7.124,7.106
HD84225,09 42 37.0631,-39 29 57.431,-9.193999999999999,-2.008,9.27,9.25,9.103,9.137,9.116
HIP54236,11 05 48.6077,-39 33 05.625,-2.6919999999999997,2.492,9.17,9.1,8.963,9.012,8.972999999999999
HD177219,19 05 31.4635,-39 35 22.455,10.682,-6.944,8.44,8.39,8.168,8.205,8.184
HD224399,23 57 34.0931,-39 40 43.125,10.725,-9.794,10.045,9.966000000000001,9.941,9.954,9.936
HD84029,09 41 12.3572,-39 43 25.717,-3.275,-0.6409999999999999,8.82,8.76,8.656,8.673,8.636000000000001
HD73302,08 36 18.4790,-39 55 13.708,-8.982999999999999,6.0089999999999995,9.39,9.32,9.272,9.302999999999999,9.282
HIP72362,14 47 46.9399,-39 55 35.041,-33.04,-8.48,6.93,6.92,6.841,6.892,6.803
HD166811,18 14 12.7411,-39 56 59.243,10.117,-10.082,7.93,7.86,7.605,7.608,7.579
HD168239,18 20 36.9574,-40 00 07.842,6.319,-4.059,9.62,9.56,9.508,9.472000000000001,9.46
HD65245,07 56 09.1247,-40 01 58.511,-5.832000000000001,6.529,10.31,10.27,10.066,10.112,10.09
HD84396,09 43 55.6599,-40 04 32.349,-10.57,5.7620000000000005,8.77,8.74,8.607999999999999,8.624,8.589
HD71525,08 26 25.1428,-40 08 49.637,-7.796,11.033,9.4,9.4,9.402000000000001,9.344,9.344
HIP40588,08 17 14.6474,-40 14 29.284,-17.715,12.187000000000001,7.83,7.8,7.727,7.707999999999999,7.676
HD48382,06 41 18.1254,-40 17 34.229,-2.094,-3.47,7.82,7.76,7.724,7.785,7.75
HD79271,09 11 50.8973,-40 20 05.784,-8.318,8.37,9.1,9.05,8.866,8.921,8.866
HD81274,09 23 23.2957,-40 21 07.175,-11.134,1.515,8.54,8.5,8.413,8.47,8.382
HD67266,08 05 29.5133,-40 22 01.012,-4.7330000000000005,1.646,9.64,9.6,9.465,9.455,9.451
HD52023,06 57 46.1943,-40 24 23.289,-3.36,13.123,9.96,9.9,9.588,9.64,9.561
HD131702,14 56 22.9725,-40 28 17.308,-8.502,-2.6310000000000002,9.47,9.44,9.406,9.459,9.4
HD2339,00 27 01.1795,-40 29 31.180,28.516,18.838,10.3,10.27,10.151,10.152000000000001,10.165
HD83383,09 36 55.6988,-40 35 00.628,-12.225999999999999,3.742,10.22,10.16,9.999,9.99,9.953
HD199863,21 01 12.1786,-40 36 41.517,17.294,-2.194,9.36,9.31,9.241,9.274,9.219
HIP29893,06 17 40.8238,-40 39 30.627,-2.431,13.425,8.03,7.99,7.86,7.861000000000001,7.8020000000000005
HD76939,08 57 54.6080,-40 44 44.914,-8.089,3.0839999999999996,9.9,9.9,9.783999999999999,9.821,9.783999999999999
HD81061,09 22 13.8953,-40 45 50.649,-7.694,5.9879999999999995,10.02,9.98,9.884,9.924,9.904
HD81017,09 21 51.7264,-40 46 43.015,-9.533999999999999,3.556,9.17,9.13,9.062999999999999,9.081,9.047
HD67413,08 06 06.2285,-40 53 51.308,-2.25,7.897,9.49,9.46,9.33,9.306000000000001,9.34
HD67605,08 07 03.6996,-40 55 11.608,-2.109,-1.3869999999999998,8.85,8.8,8.705,8.772,8.71
HD86330,09 56 44.5849,-40 58 14.864,-7.343999999999999,4.837,9.23,9.21,9.103,9.115,9.113999999999999
HD81664,09 25 44.7731,-41 06 19.922,-8.645,1.228,9.69,9.63,9.525,9.533,9.526
HIP46980,09 34 30.8833,-41 08 14.829,-1.195,-3.333,9.99,9.95,9.7,9.681000000000001,9.648
HIP41576,08 28 36.9647,-41 10 27.361,-8.187999999999999,14.147,7.5,7.51,7.457000000000001,7.5120000000000005,7.4910000000000005
HD83877,09 40 10.1033,-41 11 36.292,-6.24,-4.882,8.53,8.52,8.509,8.487,8.499
HD161493,17 47 42.8838,-41 21 19.931,-2.024,-17.579,9.2,9.15,8.83,8.823,8.818
HD56933,07 17 11.4656,-41 23 29.370,-3.986,15.529000000000002,8.36,8.31,8.118,8.151,8.073
HIP47326,09 38 35.9506,-41 26 06.191,-15.492,4.9,9.52,9.47,9.36,9.368,9.342
HD221805,23 35 29.3834,-41 27 11.672,-0.428,4.155,9.79,9.74,9.589,9.574,9.552
HD74951,08 45 35.6647,-41 29 59.476,-12.544,6.399,9.36,9.37,9.377,9.396,9.37
HD79414,09 12 39.8104,-41 31 51.435,-10.142999999999999,7.439,9.4,9.34,9.215,9.212,9.229
HD69467,08 15 28.4615,-41 32 47.275,-11.720999999999998,7.749,9.59,9.52,9.299,9.287,9.287
HD79087,09 10 38.5953,-41 33 31.393,-7.7170000000000005,5.032,8.76,8.73,8.662,8.666,8.666
HD42210,06 07 22.9805,-41 33 57.687,-0.359,8.379,8.39,8.35,8.339,8.384,8.378
HIP49901,10 11 18.6089,-41 33 59.665,-8.863,1.7169999999999999,9.08,9.09,8.965,8.991,8.972000000000001
HR1049,03 26 11.7840,-41 38 12.980,19.055999999999997,27.295,6.374,6.3260000000000005,6.202999999999999,6.225,6.206
HD69592,08 15 56.0853,-41 41 08.233,-3.9360000000000004,9.797,9.74,9.72,9.62,9.7,9.651
HD71145,08 24 05.1602,-41 41 23.792,-5.084,4.462,9.65,9.61,9.402999999999999,9.414,9.343
HD186373,19 45 45.4279,-41 45 30.016,3.838,-1.139,9.42,9.37,9.287,9.247,9.232999999999999
HD67361,08 05 48.5582,-41 47 26.102,-10.376,3.261,10.56,10.53,10.237,10.251,10.217
HD38433,05 43 41.2848,-41 47 38.021,2.807,10.18,9.5,9.44,9.462,9.467,9.447000000000001
HD120505,13 50 43.1585,-41 49 45.015,-8.547,-2.506,10.4,10.37,10.335999999999999,10.350999999999999,10.335
HD74356,08 42 00.9315,-41 49 47.884,-21.723000000000003,-1.818,8.85,8.81,8.761000000000001,8.836,8.765
HD80139,09 16 40.2038,-41 51 00.395,-9.436,4.831,10.11,10.05,9.978,10.01,9.976
HIP95535,19 25 57.3810,-41 53 13.691,4.51,-10.95,8.86,8.84,8.802,8.821,8.798
HD68917,08 12 47.8609,-41 54 37.047,-9.266,9.019,9.01,8.95,8.836,8.767000000000001,8.799
HIP93470,19 02 08.5215,-41 54 37.822,30.186,-11.51,6.199,6.209,6.204,6.292000000000001,6.228
HD51882,06 57 09.8538,-41 55 01.000,0.053,7.745,9.43,9.47,9.301,9.32,9.325
HD90517,10 26 10.6475,-41 55 11.464,10.829,-15.368,9.28,9.22,9.139,9.133,9.086
HD81586,09 25 11.3118,-41 55 30.589,-3.116,1.825,10.28,10.22,10.036,10.001,10.011000000000001
HIP55133,11 17 14.3233,-41 56 03.560,-55.099,-8.112,6.48,6.44,6.405,6.447,6.356
HD74041,08 40 03.6298,-41 56 04.933,-11.585999999999999,10.052,10.01,9.97,9.898,9.949,9.908999999999999
HD78594,09 07 46.6918,-41 56 12.658,-11.850999999999999,10.169,9.67,9.6,9.472999999999999,9.496,9.469
HD74027,08 39 49.8329,-41 58 42.219,-2.8930000000000002,3.7760000000000002,9.69,9.63,9.571,9.573,9.533999999999999
HD57896,07 21 20.6640,-41 59 25.130,-8.363,19.552,7.89,7.86,7.768,7.809,7.769
HD224622,23 59 19.8900,-42 03 22.596,17.761,11.661,8.67,8.67,8.596,8.611,8.609
HD210383,22 11 02.2390,-42 07 15.853,-2.728,5.176,10.07,10.02,9.941,9.946,9.94
HD164247,18 02 16.5212,-42 14 11.604,2.675,-4.291,9.02,9.0,8.888,8.913,8.88
HD125154,14 18 47.3827,-42 14 23.014,-16.671,-8.413,9.2,9.13,9.117,9.107999999999999,9.066
HD86196,09 55 52.3706,-42 14 41.919,2.9360000000000004,0.11599999999999999,9.15,9.08,8.897,8.857000000000001,8.853
HD86697,09 59 10.1890,-42 23 41.432,-10.7,3.0,8.86,8.79,8.669,8.731,8.669
HIP91654,18 41 26.0525,-42 35 54.261,2.714,-4.2330000000000005,8.49,8.48,8.334,8.354,8.357000000000001
HD71545,08 26 21.5008,-42 37 37.503,-5.803,5.781000000000001,10.36,10.43,10.292,10.294,10.299000000000001
HD72319,08 30 25.3343,-42 38 45.127,-12.584000000000001,3.718,8.7,8.7,8.667,8.634,8.634
HD138446,15 33 43.9035,-42 39 55.167,-10.909,-8.558,9.64,9.59,9.516,9.503,9.501
HD64505,07 52 24.5470,-42 39 55.208,-9.338,4.176,8.77,8.75,8.722999999999999,8.771,8.722999999999999
HIP40260,08 13 20.4515,-42 42 00.481,-10.61,6.744,8.38,8.31,8.131,8.176,8.091000000000001
HIP44395,09 02 35.5805,-42 42 26.669,0.364,-16.81,7.3229999999999995,7.292999999999999,7.09,7.061,7.0760000000000005
HD101539,11 40 52.6746,-42 44 11.815,-11.439,-3.352,8.57,8.53,8.454,8.456,8.476
HD67442,08 06 15.4770,-42 44 33.190,-3.8789999999999996,9.046,10.84,10.92,10.444,10.49,10.452
HD62579,07 42 47.5191,-42 45 27.033,-11.852,-2.989,8.37,8.32,8.232000000000001,8.287,8.211
HD85281,09 49 36.0850,-42 47 51.872,-1.746,0.26,8.65,8.6,8.467,8.442,8.46
HIP40974,08 21 41.5571,-42 50 09.165,-4.851,6.019,7.71,7.7,7.672999999999999,7.757999999999999,7.671
HD102051,11 44 31.2503,-42 50 26.240,-8.541,3.5410000000000004,9.39,9.35,9.237,9.259,9.238
HD83706,09 39 03.1857,-42 51 55.365,-4.65,-4.379,7.61,7.6,7.479,7.475,7.443
HD77286,09 00 11.9320,-42 56 01.776,-6.936,-1.805,9.25,9.21,9.121,9.109,9.099
HD65490,07 57 08.7314,-42 56 03.645,-6.437,3.372,10.35,10.32,10.227,10.243,10.21
HD67025,08 04 19.3580,-42 58 43.051,-4.453,6.492999999999999,10.15,10.17,10.083,10.092,10.051
HD70976,08 23 12.0791,-42 59 11.340,-21.733,12.433,8.49,8.44,8.385,8.396,8.399
HIP101758,20 37 25.4563,-43 02 35.623,29.451,-31.36,7.94,7.88,7.706,7.742999999999999,7.689
HD81824,09 26 42.5522,-43 04 08.276,-7.921,7.87,8.77,8.79,8.795,8.794,8.783
HD137342,15 26 57.7190,-43 11 32.156,-11.835999999999999,-8.713,9.82,9.75,9.494,9.443999999999999,9.482999999999999
HD82787,09 32 55.9341,-43 13 56.541,-9.93,5.462999999999999,10.03,10.01,9.811,9.81,9.761000000000001
HD72732,08 32 44.0457,-43 14 03.347,1.442,-9.443,8.52,8.46,8.322000000000001,8.37,8.306000000000001
HD78080,09 04 44.8669,-43 16 01.146,-10.491,8.808,9.5,9.47,9.381,9.397,9.379
HIP38816,07 56 38.8968,-43 16 41.977,-8.639,9.211,9.32,9.26,9.158,9.136000000000001,9.107000000000001
HD79415,09 12 29.6150,-43 17 34.800,-13.365,1.5919999999999999,8.5,8.5,8.371,8.377,8.401
HD78860,09 08 58.2704,-43 20 44.091,-1.87,5.436,8.78,8.77,8.698,8.738999999999999,8.654
HD128856,14 40 39.1377,-43 22 18.754,8.027000000000001,-4.582,8.59,8.53,8.467,8.491,8.439
HIP21024,04 30 29.5363,-43 24 38.216,0.79,20.355,7.29,7.27,7.232,7.257999999999999,7.2170000000000005
HD84014,09 40 49.9833,-43 30 27.423,-10.187999999999999,4.198,9.9,9.83,9.812999999999999,9.783999999999999,9.8
HD84626,09 45 21.7464,-43 35 40.571,-15.885,7.0889999999999995,9.3,9.28,9.226,9.255,9.237
HD65290,07 56 11.0856,-43 36 08.727,-11.228,5.031000000000001,8.97,8.92,8.75,8.753,8.743
HD51392,06 55 00.8691,-43 36 52.299,-0.452,11.083,9.65,9.64,9.578,9.597999999999999,9.58
HD77114,08 58 57.2569,-43 37 22.697,-12.040999999999999,2.327,9.3,9.24,9.078,9.076,9.075
HIP29816,06 16 45.0038,-43 38 38.289,-4.68,4.962,7.33,7.34,7.332999999999999,7.364,7.331
HD71161,08 24 09.2468,-43 42 00.242,-10.652999999999999,6.562,10.17,10.1,9.972999999999999,9.965,9.965
HD76516,08 55 02.4496,-43 49 52.150,-16.869,15.620999999999999,8.0,7.98,7.8229999999999995,7.8420000000000005,7.787000000000001
HD116699,13 26 02.3469,-43 52 36.716,-5.636,10.792,8.61,8.62,8.507,8.545,8.503
HIP103016,20 52 15.1373,-43 53 01.147,5.394,-10.037,8.74,8.74,8.647,8.648,8.641
HIP34868,07 12 52.9554,-43 53 06.569,-9.16,-5.8870000000000005,7.31,7.25,7.1160000000000005,7.111000000000001,7.0920000000000005
HIP14395,03 05 41.8451,-43 54 14.383,12.185,12.83,9.35,9.3,9.304,9.316,9.29
HD136857,15 24 31.4158,-43 55 38.546,-9.292,-11.224,8.05,7.99,7.766,7.745,7.728
HIP57809,11 51 13.1367,-43 55 59.004,-32.034,-9.704,6.582999999999999,6.593,6.615,6.671,6.641
HD91225,10 31 02.8445,-43 57 08.803,-14.387,0.46,9.25,9.18,9.052,9.085,9.032
HD87709,10 05 48.0329,-43 58 40.682,-3.15,-1.34,9.96,9.93,9.826,9.805,9.787
HD81135,09 22 27.8324,-44 06 07.900,9.155,-5.763,8.17,8.15,8.012,8.038,8.024
HD64660,07 52 58.2298,-44 12 16.958,-11.597000000000001,4.899,9.2,9.18,9.111,9.102,9.109
HIP38059,07 48 02.4220,-44 16 12.416,-22.795,13.948,8.76,8.7,8.507,8.484,8.475
HD93494,10 46 54.9742,-44 16 40.663,1.061,-0.008,8.03,7.96,7.767,7.757000000000001,7.724
HD93868,10 49 27.6875,-44 17 05.495,-2.475,5.461,8.02,7.96,7.797999999999999,7.797000000000001,7.77
HD171500,18 37 20.1744,-44 17 29.804,7.6979999999999995,-6.715,9.28,9.22,9.202,9.181000000000001,9.162
HIP36875,07 34 51.0538,-44 17 46.083,-18.03,2.19,6.78,6.797999999999999,6.757000000000001,6.79,6.76
HD79348,09 12 04.9136,-44 18 32.863,-2.5989999999999998,-0.594,9.91,9.87,9.692,9.732000000000001,9.712
HD118878,13 40 37.6510,-44 19 48.840,-26.924,-20.287,6.62,6.57,6.365,6.347,6.343
HD75927,08 51 14.6507,-44 24 38.551,-12.603,7.132999999999999,9.31,9.3,9.141,9.113,9.087
HIP112735,22 49 51.1541,-44 25 24.757,4.584,-2.365,8.11,8.06,7.957000000000001,7.966,7.912999999999999
HD72402,08 30 55.5840,-44 36 54.861,-5.159,1.82,8.79,8.77,8.721,8.708,8.743
HD139413,15 39 47.2154,-44 40 54.832,-10.324000000000002,-8.846,9.38,9.33,9.195,9.191,9.137
HIP68867,14 06 08.2356,-44 41 20.711,-22.38,-19.77,7.24,7.23,7.17,7.244,7.159
HD80278,09 17 21.8619,-44 44 00.199,-11.892999999999999,4.85,9.42,9.43,9.353,9.379,9.338
HD90149,10 23 30.2654,-44 44 50.541,-11.474,3.8089999999999997,8.79,8.8,8.808,8.85,8.795
HD74209,08 40 51.5880,-44 44 57.549,-11.635,4.333,9.28,9.27,9.222000000000001,9.254,9.231
HD64829,07 53 46.1574,-44 46 15.741,-3.397,8.753,9.28,9.3,9.274,9.274,9.245
HD87024,10 01 12.9428,-44 49 58.440,-6.46,-3.092,8.15,8.11,8.0,8.05,7.982
HIP52134,10 39 04.0672,-44 51 00.191,-17.061,0.7340000000000001,8.55,8.49,8.302999999999999,8.311,8.288
HIP72192,14 45 57.6288,-44 52 03.028,-18.937,-31.555,6.96,6.92,6.735,6.731,6.686
HD64845,07 53 52.5524,-44 52 24.228,-11.811,4.678999999999999,9.07,9.04,8.97,8.997,8.98
HD131242,14 53 56.9160,-44 55 48.528,-11.055,-6.409,8.53,8.51,8.426,8.448,8.437999999999999
HD139929,15 42 44.5985,-44 58 58.389,-0.9420000000000001,-2.872,8.29,8.26,8.019,8.064,8.002
HD182562,19 27 18.6179,-45 02 24.317,2.365,-8.338,9.59,9.56,9.515,9.52,9.529
HIP58076,11 54 35.9885,-45 04 54.631,-1.65,-0.514,9.05,8.99,8.82,8.837,8.787
HD74069,08 39 55.1591,-45 08 10.458,-11.460999999999999,4.829,9.87,9.8,9.482000000000001,9.494,9.425
HD70683,08 21 25.5204,-45 09 24.536,-7.17,0.168,9.55,9.49,9.415,9.474,9.417
HD172797,18 44 21.7430,-45 09 48.660,3.123,-3.5260000000000002,9.46,9.4,9.133,9.101,9.074
HD88432,10 10 48.9616,-45 10 36.463,-0.266,-0.524,8.56,8.5,8.383,8.442,8.383
HD87949,10 07 23.7070,-45 12 50.218,-16.964000000000002,8.529,9.55,9.52,9.538,9.565,9.542
HIP29304,06 10 39.9290,-45 16 55.165,-1.9340000000000002,7.541,6.2620000000000005,6.272,6.255,6.305,6.2170000000000005
HD90423,10 25 29.1431,-45 17 52.878,-6.6,6.01,9.97,9.92,9.773,9.787,9.767000000000001
HD49851,06 48 16.4153,-45 23 02.438,3.983,-9.378,9.12,9.13,9.052999999999999,9.071,9.017000000000001
HD118763,13 39 49.2971,-45 24 02.364,-6.8020000000000005,-2.847,10.11,10.05,9.843,9.842,9.828
HIP75957,15 30 48.4244,-45 25 27.887,-15.44,-20.179000000000002,7.51,7.44,7.257000000000001,7.251,7.246
HD73384,08 36 21.2352,-45 25 30.213,-7.564,8.53,9.32,9.28,9.084,9.092,9.055
HD132710,15 02 05.1368,-45 27 08.014,-5.462999999999999,-4.535,10.08,10.03,9.834,9.797,9.822000000000001
HD79386,09 12 13.4949,-45 27 39.473,-10.312000000000001,8.904,9.38,9.34,9.185,9.17,9.152999999999999
HD168668,18 23 11.7975,-45 30 53.250,-0.145,-6.322,9.12,9.07,8.83,8.795,8.807
HD72162,08 29 31.8599,-45 33 09.107,-8.109,6.33,9.93,9.91,9.829,9.815,9.786
HD65552,07 57 10.6340,-45 34 07.610,-7.546,8.124,9.26,9.2,8.99,8.959,8.941
HD189226,20 00 53.3600,-45 41 58.362,6.25,-15.149000000000001,8.78,8.78,8.671,8.66,8.687000000000001
HIP71700,14 40 01.2754,-45 44 36.995,-14.69,-6.14,8.08,8.07,7.909,7.912999999999999,7.872000000000001
HD89698,10 20 05.2202,-45 44 48.149,-18.073,9.804,9.02,9.0,8.982000000000001,9.058,8.992
HD66283,08 00 43.2763,-45 48 29.079,-11.1,5.022,9.24,9.18,9.151,9.193,9.167
HD85910,09 53 44.8057,-45 48 54.481,-9.785,4.205,9.58,9.55,9.206,9.212,9.173
HD79832,09 14 47.6511,-45 56 44.703,-11.901,5.606,9.78,9.72,9.811,9.815,9.811
HIP53293,10 53 58.3668,-46 04 38.603,-20.588,13.222000000000001,10.02,9.98,9.63,9.628,9.58
HIP29729,06 15 40.4531,-46 07 55.277,-3.391,20.164,8.34,8.28,8.07,8.04,8.02
HD77741,09 02 43.1901,-46 10 25.886,-12.939,6.18,9.89,9.83,9.722999999999999,9.734,9.701
HD89623,10 19 32.4611,-46 13 05.008,-24.414,6.079,8.09,8.09,8.022,8.033999999999999,8.003
HD161706,17 49 18.1867,-46 13 05.198,10.894,-9.302999999999999,7.98,7.94,7.824,7.822,7.825
HD132302,14 59 54.6366,-46 14 52.562,-22.252,-21.881,7.14,7.15,7.172999999999999,7.202999999999999,7.207000000000001
HD65687,07 57 46.6167,-46 18 33.774,-12.068,4.588,9.24,9.18,9.078,9.062000000000001,9.029
HIP43794,08 55 08.8736,-46 21 39.005,-10.209,-16.851,7.59,7.57,7.461,7.515,7.433
HIP52342,10 41 52.1475,-46 23 05.494,-12.931,-4.239,9.64,9.62,9.577,9.58,9.546
HD82277,09 29 37.7491,-46 27 44.203,-14.539000000000001,11.795,9.09,9.02,8.853,8.843,8.797
HIP104326,21 08 01.0900,-46 29 34.965,21.785999999999998,-2.572,7.02,7.05,7.057,7.077000000000001,7.063
HD84611,09 45 05.0372,-46 30 33.455,-10.659,0.446,9.01,8.96,8.836,8.839,8.786
HD144399,16 07 44.0560,-46 31 31.237,-14.19,-42.07,7.1,7.06,6.954,7.013,6.975
HIP51276,10 28 25.0143,-46 33 38.184,-17.840999999999998,3.01,7.64,7.6,7.539,7.593,7.542000000000001
HD101790,11 42 36.3766,-46 33 55.016,-20.798000000000002,6.462999999999999,9.73,9.69,9.605,9.605,9.6
HD126562,14 27 38.1139,-46 34 02.041,-10.704,-3.37,9.54,9.46,9.152999999999999,9.181000000000001,9.133
HD95409,11 00 15.6212,-46 36 05.201,1.75,-4.798,7.79,7.74,7.593,7.596,7.617000000000001
HD74249,08 41 07.9184,-46 37 31.010,-10.22,6.585,9.92,9.89,9.673,9.696,9.616
HIP49259,10 03 20.5812,-46 38 10.277,-27.63,-10.21,6.14,6.101,6.057,6.115,6.032
HD59869,07 29 45.3493,-46 41 22.089,-4.61,9.462,7.43,7.4,7.26,7.273,7.2
HD61928,07 39 23.6906,-46 43 32.010,-5.653,2.456,9.24,9.19,8.982999999999999,9.03,8.984
HD132479,15 00 56.3857,-46 44 41.875,-8.054,-4.685,9.99,9.94,9.758,9.808,9.735
HD169163,18 25 38.5653,-46 45 25.693,0.185,-2.9530000000000003,9.17,9.13,9.052,9.066,9.052999999999999
HD77115,08 58 40.7434,-46 45 37.014,-11.222000000000001,0.77,9.36,9.39,9.415,9.395,9.427
HIP92688,18 53 12.5329,-46 46 17.859,-3.693,-14.968,9.14,9.1,8.975,9.019,8.964
HIP54209,11 05 28.8886,-46 53 35.068,-13.078,-1.242,8.62,8.61,8.562000000000001,8.652999999999999,8.602
HD69953,08 17 19.7896,-47 00 47.953,-8.525,7.5489999999999995,9.42,9.43,9.427999999999999,9.433,9.434
HD52470,06 58 59.9808,-47 01 24.050,-9.505,-4.467,7.26,7.27,7.245,7.3260000000000005,7.278
HD66588,08 02 09.6143,-47 01 50.216,-2.565,4.975,9.45,9.4,9.406,9.399,9.392000000000001
HD127468,14 32 58.2711,-47 03 05.960,-11.593,-5.72,9.56,9.53,9.374,9.374,9.368
HIP56304,11 32 34.4207,-47 03 34.738,-22.045,0.013999999999999999,7.8,7.77,7.667000000000001,7.737,7.693
HD91111,10 30 13.3199,-47 08 03.527,-11.023,3.565,10.17,10.1,9.943999999999999,9.94,9.898
HD68656,08 11 16.1874,-47 13 18.826,-6.769,11.463,9.22,9.17,9.039,9.078,9.041
HD78343,09 05 56.6627,-47 15 39.288,-8.264,5.9,10.57,10.54,10.219,10.236,10.185
HD82851,09 33 09.9575,-47 18 21.854,-6.209,0.958,9.24,9.17,9.038,9.033,9.012
HIP84267,17 13 32.2787,-47 19 09.875,-0.924,-25.315,7.14,7.11,7.028,7.059,7.019
HD96338,11 05 45.7403,-47 26 32.270,-31.689,-3.115,6.85,6.81,6.778,6.7620000000000005,6.769
HIP44631,09 05 40.1897,-47 32 22.790,-12.607999999999999,7.902,9.11,9.09,8.942,8.913,8.912
HD138893,15 36 47.5724,-47 34 23.900,-11.185,-4.619,8.95,8.89,8.58,8.593,8.532
HD97263,11 11 12.6676,-47 35 57.840,-23.386999999999997,1.393,9.29,9.31,9.193999999999999,9.259,9.203
HD78443,09 06 32.8860,-47 37 06.615,-8.196,7.547000000000001,9.92,9.86,9.73,9.757,9.729
HD79023,09 09 43.1919,-47 45 44.022,-12.04,9.205,9.66,9.65,9.573,9.558,9.544
HD107265,12 20 04.5943,-47 47 55.745,-23.58,1.585,8.9,8.84,8.714,8.735,8.725
HD21638,03 27 36.7530,-47 48 15.231,16.255,-0.8170000000000001,9.51,9.57,9.582,9.579,9.572000000000001
HD207615,21 51 37.9848,-47 49 08.808,18.430999999999997,-2.6710000000000003,8.59,8.54,8.449,8.538,8.443
HD76777,08 56 28.0013,-47 55 55.958,-13.950999999999999,12.698,9.11,9.06,8.937999999999999,8.869,8.886000000000001
HD67105,08 04 14.6045,-48 00 29.107,-12.540999999999999,16.676,8.42,8.38,8.265,8.302,8.258
HD79366,09 11 53.5682,-48 02 09.757,-11.044,4.93,10.01,9.96,9.924,9.896,9.931000000000001
HD109230,12 33 22.9278,-48 02 48.853,-10.86,-2.265,10.03,10.0,9.779,9.839,9.774
HD114208,13 09 50.6435,-48 03 07.427,-15.632,-6.609,8.17,8.11,7.946000000000001,7.945,7.897
HD85540,09 51 05.7238,-48 04 17.329,-18.842,9.755,9.46,9.4,9.288,9.272,9.277000000000001
HD133957,15 08 59.2315,-48 08 18.970,-8.115,-4.956,8.93,8.87,8.648,8.634,8.602
HD85968,09 54 05.8439,-48 11 59.901,-17.247,4.236000000000001,9.39,9.34,9.142999999999999,9.167,9.105
HD162277,17 52 40.5048,-48 12 00.800,1.567,-4.743,10.35,10.31,9.879,9.884,9.859
HIP93862,19 06 55.6069,-48 17 56.919,13.532,-12.735999999999999,5.933,5.9510000000000005,5.957999999999999,5.995,5.9639999999999995
HIP20050,04 17 59.1719,-48 23 45.162,3.425,12.922,8.73,8.73,8.704,8.729,8.69
HD121005,13 54 04.8829,-48 26 15.364,-6.871,-18.372,9.98,9.91,9.619,9.597000000000001,9.577
HD171084,18 35 13.0131,-48 27 11.960,-0.499,-13.974,9.19,9.19,9.094,9.128,9.065
HIP62655,12 50 19.4849,-48 27 34.377,-47.549,7.4879999999999995,6.282,6.257000000000001,6.102,6.1339999999999995,6.055
HIP45395,09 15 03.8858,-48 30 13.445,-22.898000000000003,12.997,8.92,8.85,8.798,8.818999999999999,8.767999999999999
HIP101815,20 37 58.4431,-48 32 44.596,1.807,-23.65,8.22,8.15,8.044,8.068,8.004
HD43123,06 12 03.7515,-48 37 17.264,-2.6289999999999996,9.485,9.28,9.21,9.119,9.117,9.111
HD54420,07 06 17.7754,-48 37 43.913,-4.406000000000001,9.541,9.5,9.47,9.427,9.468,9.446
HD71839,08 27 27.9225,-48 38 54.381,-6.245,4.24,9.54,9.5,9.337,9.328,9.321
HD122435,14 03 04.2091,-48 40 09.197,-10.369000000000002,-9.707,10.34,10.28,10.164,10.161,10.186
HD159326,17 36 37.8964,-48 41 45.522,0.379,-16.717,8.59,8.52,8.335,8.337,8.31
HD146595,16 19 19.7541,-48 42 06.693,-6.312,-3.1060000000000003,9.3,9.24,8.929,8.901,8.875
HIP47184,09 36 55.2915,-48 46 19.568,-12.565999999999999,1.994,8.63,8.62,8.531,8.556000000000001,8.505
HD129239,14 42 59.9801,-48 46 37.318,-7.056,-4.69,9.25,9.18,8.937000000000001,8.943,8.902000000000001
HD63924,07 49 02.7399,-48 46 49.597,1.3,-9.586,9.08,9.02,8.836,8.818,8.815
HD116717,13 26 16.6852,-48 47 11.721,-50.379,-18.163,6.71,6.68,6.652,6.729,6.653
HD78134,09 04 47.0176,-48 48 50.707,-11.115,6.4639999999999995,9.47,9.4,9.332,9.383,9.302999999999999
HD72199,08 29 26.7468,-48 52 12.143,-8.51,7.19,9.45,9.4,9.215,9.186,9.179
HD180933,19 20 51.7726,-48 53 45.595,4.598,-7.3389999999999995,9.77,9.76,9.738,9.732999999999999,9.76
HIP37808,07 45 08.1605,-48 54 55.259,-9.857000000000001,-5.082,7.89,7.83,7.626,7.627000000000001,7.606
HIP104313,21 07 53.8599,-48 56 24.453,23.905,-45.54,6.669,6.691,6.723,6.77,6.747000000000001
HD103282,11 53 35.6144,-48 58 44.564,-12.402999999999999,-3.583,9.22,9.18,9.123,9.113999999999999,9.067
HD117826,13 33 50.2331,-49 03 04.726,-8.453,-3.483,10.42,10.38,10.293,10.245999999999999,10.257
HD97184,11 10 41.3324,-49 12 17.186,-15.093,4.75,9.88,9.87,9.83,9.841000000000001,9.856
HD65986,07 59 12.9024,-49 19 36.112,-12.302,8.402999999999999,8.54,8.49,8.367,8.407,8.362
HD86524,09 57 44.6060,-49 32 46.353,-6.697,6.18,9.69,9.66,9.488999999999999,9.488,9.466000000000001
HD169259,18 26 24.8538,-49 34 09.307,-0.175,-5.571000000000001,8.69,8.66,8.477,8.468,8.446
HIP53788,11 00 18.3512,-49 38 15.782,-15.261,2.6889999999999996,9.06,9.05,8.892000000000001,8.926,8.891
HD69911,08 16 58.6840,-49 44 44.578,-8.873,4.087,9.8,9.74,9.439,9.42,9.382
HD174096,18 51 28.6039,-49 46 24.073,8.589,4.9830000000000005,8.55,8.5,8.425,8.457,8.406
HD80764,09 19 47.4343,-49 48 43.265,-13.203,5.871,9.85,9.82,9.726,9.687999999999999,9.691
HD76410,08 53 59.9864,-49 48 59.710,-9.936,4.271,9.29,9.21,9.08,9.118,9.033999999999999
HD80402,09 17 52.6935,-49 54 19.799,-15.554,5.31,9.62,9.57,9.494,9.475,9.447000000000001
HD93246,10 45 04.2068,-49 56 44.786,-12.880999999999998,0.7070000000000001,9.66,9.59,9.421,9.408999999999999,9.392000000000001
HD90784,10 27 52.6706,-49 57 04.657,-14.66,3.867,9.33,9.28,9.151,9.134,9.125
HD183626,19 32 53.5463,-50 01 27.549,3.218,-14.724,8.49,8.45,8.338,8.378,8.353
HD100352,11 32 29.0684,-50 02 25.503,-11.325999999999999,3.135,8.92,8.89,8.76,8.814,8.754
HD71789,08 27 01.4937,-50 03 31.990,-13.132,2.943,9.21,9.15,9.033999999999999,9.044,8.978
HD104580,12 02 37.0489,-50 05 04.294,-3.5010000000000003,0.7609999999999999,9.1,9.07,9.027999999999999,9.059,9.062999999999999
HD62417,07 41 23.1463,-50 05 36.588,-3.884,8.106,10.17,10.1,9.865,9.832,9.809
HD136590,15 23 32.8747,-50 07 20.368,-3.892,-6.242999999999999,10.25,10.24,9.952,9.901,9.895
HD78119,09 04 37.1914,-50 07 49.784,-13.269,8.451,10.02,10.0,9.918,9.974,9.947000000000001
HIP44449,09 03 20.6350,-50 07 58.804,-10.962,1.962,9.15,9.08,8.923,8.904,8.865
HD163961,18 01 30.5330,-50 10 01.222,2.391,-11.635,9.84,9.78,9.57,9.536,9.537
HD156123,17 18 23.9910,-50 12 39.776,-13.46,-34.75,6.98,6.98,6.968,7.044,6.986000000000001
HD86890,10 00 10.3369,-50 14 04.558,-10.204,2.861,9.22,9.19,9.075,9.075,9.024
HD92777,10 41 50.7070,-50 14 26.983,-24.006999999999998,6.2829999999999995,8.97,8.92,8.779,8.795,8.766
HD72163,08 29 15.5915,-50 15 00.253,-11.974,10.341,9.22,9.16,9.027999999999999,9.048,9.015
HD55251,07 09 38.3487,-50 20 10.674,-9.57,8.616,8.47,8.4,8.294,8.306000000000001,8.266
HD118044,13 35 23.4253,-50 23 57.448,-9.645,-4.843,10.34,10.34,10.339,10.352,10.377
HD48169,06 39 22.7737,-50 24 36.565,-8.533999999999999,9.051,9.57,9.55,9.479,9.499,9.477
HD99387,11 25 40.2934,-50 24 46.186,-13.487,-0.349,10.06,10.0,9.802,9.821,9.785
HD171581,18 38 11.5276,-50 24 47.130,-0.301,-9.939,8.97,8.96,8.846,8.898,8.85
HD101802,11 42 41.5210,-50 25 30.497,-11.0,4.529,8.43,8.43,8.332,8.366,8.335
HD91775,10 34 53.0412,-50 26 32.049,-11.55,-3.827,8.24,8.23,8.187000000000001,8.235,8.174
HD86806,09 59 35.6858,-50 26 52.075,-18.855999999999998,7.891,8.59,8.55,8.453,8.437000000000001,8.443999999999999
HD79277,09 11 19.4204,-50 27 13.357,-15.151,13.279000000000002,9.55,9.53,9.316,9.308,9.3
HIP44783,09 07 39.2285,-50 29 54.075,-6.817,2.715,8.85,8.8,8.609,8.618,8.596
HIP73131,14 56 44.4843,-50 35 18.293,-23.448,-17.97,7.72,7.66,7.4479999999999995,7.45,7.412999999999999
HD60130,07 30 28.5976,-50 36 32.297,1.061,17.718,6.52,6.54,6.584,6.608,6.591
HIP26515,05 38 17.4206,-50 38 27.584,-0.586,18.597,6.38,6.42,6.494,6.56,6.516
HD84644,09 45 04.3200,-50 40 01.711,-13.95,4.328,9.29,9.25,9.212,9.24,9.191
HD167157,18 16 39.2633,-50 42 28.769,-3.082,-8.462,9.59,9.54,9.336,9.361,9.314
HD35904,05 25 14.2675,-50 44 29.844,-0.631,-4.7589999999999995,9.76,9.79,9.711,9.777999999999999,9.749
HD112924,13 00 49.8984,-50 48 21.245,-9.809,-3.866,9.89,9.89,9.82,9.844,9.809
HD110091,12 40 00.1581,-50 52 45.501,-9.224,-1.297,10.4,10.36,10.312999999999999,10.325,10.317
HD75481,08 48 06.9968,-50 54 10.152,-14.372,13.811,9.21,9.2,9.086,9.142000000000001,9.068999999999999
HD83880,09 39 45.9773,-50 54 42.662,-16.59,4.085,9.29,9.24,9.045,9.01,8.988
HD131660,14 56 48.3536,-50 56 44.503,-9.258,-9.009,10.01,9.95,9.69,9.682,9.669
HD135056,15 15 08.9666,-50 57 17.128,-14.719000000000001,-8.72,10.03,9.99,9.722000000000001,9.77,9.683
HD83654,09 38 24.1903,-51 01 35.797,-11.187999999999999,6.442,9.99,9.94,9.758,9.732000000000001,9.72
HIP64933,13 18 34.8660,-51 17 08.811,-25.95,-12.19,6.162999999999999,6.172999999999999,6.098,6.1160000000000005,6.091
HD88275,10 09 21.3507,-51 17 19.015,-15.684000000000001,7.8660000000000005,9.72,9.67,9.497,9.462,9.442
HD137936,15 31 03.4605,-51 18 53.584,-3.952,-11.607000000000001,8.8,8.74,8.526,8.504,8.521
HD71003,08 22 44.5771,-51 21 53.671,-12.9,11.606,8.91,8.91,8.836,8.886000000000001,8.853
HD84836,09 46 23.0246,-51 22 04.119,-16.887,3.89,9.64,9.63,9.462,9.42,9.41
HIP81692,16 41 17.2409,-51 23 49.522,-16.741,-27.483,7.64,7.62,7.53,7.584,7.53
HD98203,11 17 16.9085,-51 24 25.343,20.982,-10.214,8.74,8.72,8.597999999999999,8.636000000000001,8.575
HD124744,14 16 50.0904,-51 24 49.332,-6.71,-3.17,10.0,9.95,9.627,9.59,9.588
HIP44643,09 05 48.2719,-51 27 38.795,-15.536,15.245,8.58,8.55,8.413,8.423,8.42
HD15911,02 31 45.4222,-51 39 41.276,2.166,5.704,9.39,9.44,9.43,9.497,9.421
HD70730,08 21 13.9174,-51 41 49.579,1.932,-5.171,8.66,8.65,8.554,8.585,8.591000000000001
HD97496,11 12 30.6274,-51 43 32.700,-15.145999999999999,4.988,8.5,8.48,8.363,8.383,8.402000000000001
HD136110,15 20 58.2099,-51 48 07.799,-16.525,-12.463,9.22,9.16,8.885,8.885,8.84
HD112165,12 55 08.5751,-51 48 31.051,-13.347000000000001,-1.834,8.9,8.89,8.8,8.863999999999999,8.831
HD116560,13 25 20.9818,-51 53 22.749,-9.817,-12.911,7.19,7.16,7.0089999999999995,7.0,6.981
HD81314,09 23 05.3286,-51 54 15.213,-14.397,9.206,8.87,8.81,8.667,8.725,8.656
HD104896,12 04 43.2164,-51 54 48.666,-10.917,0.765,10.05,9.98,9.804,9.821,9.786
HD95169,10 58 30.2209,-51 57 09.518,-6.103,3.6010000000000004,9.3,9.32,9.316,9.355,9.331
HD95534,11 00 49.7755,-52 04 29.942,-18.62,-6.76,6.82,6.81,6.827999999999999,6.84,6.827000000000001
HD105471,12 08 35.8819,-52 06 46.113,1.337,-10.825999999999999,9.07,9.01,8.888,8.889,8.899
HD107850,12 23 46.8407,-52 07 25.104,-12.765999999999998,-4.197,9.51,9.47,9.337,9.347000000000001,9.337
HIP45977,09 22 34.0423,-52 07 29.896,-23.098000000000003,16.392,8.98,8.93,8.742,8.808,8.716000000000001
HD83997,09 40 21.8554,-52 09 24.565,-12.818,3.5260000000000002,10.06,9.99,9.939,9.891,9.896
HD89766,10 20 13.0304,-52 11 39.387,-22.92,9.789,8.18,8.12,8.027000000000001,8.057,8.039
HD171001,18 35 11.6390,-52 11 49.748,6.457999999999999,-9.052999999999999,9.72,9.65,9.548,9.545,9.51
HIP18384,03 55 47.8734,-52 14 52.362,-1.294,4.628,7.93,7.86,7.706,7.696000000000001,7.67
HD136468,15 23 03.5061,-52 18 06.688,-7.016,-3.195,8.67,8.61,8.4,8.433,8.378
HD87932,10 06 55.9411,-52 19 00.909,-21.195,8.179,9.39,9.33,9.238,9.226,9.179
HIP22748,04 53 36.8469,-52 19 44.872,8.371,18.082,8.07,8.02,7.939,8.024,7.978
HD87760,10 05 45.9772,-52 24 22.077,-30.009,10.88,7.96,7.89,7.763999999999999,7.775,7.742000000000001
HD170239,18 31 14.2459,-52 27 39.487,-4.158,-26.069000000000003,8.24,8.23,8.117,8.113999999999999,8.081
HD72857,08 32 51.9263,-52 32 52.914,-12.136,2.997,9.31,9.25,9.155,9.176,9.118
HD141136,15 49 46.8279,-52 33 50.223,-12.794,-23.541,8.05,8.01,7.8660000000000005,7.914,7.8660000000000005
HD116995,13 28 22.1021,-52 37 05.456,-10.902999999999999,-2.839,10.25,10.21,10.016,10.022,9.968
HD99841,11 28 42.9078,-52 40 58.049,-17.065,0.6,9.45,9.42,9.254,9.243,9.211
HD92978,10 43 06.8630,-52 53 10.723,-15.753,7.506,9.27,9.25,9.125,9.168,9.131
HD101777,11 42 26.5030,-52 53 57.093,-16.895,7.749,10.1,10.03,9.882,9.851,9.852
HD16636,02 38 02.9095,-52 59 14.039,-1.139,13.082,10.13,10.07,9.927,9.92,9.902999999999999
HD45647,06 25 46.4022,-53 06 12.855,-1.775,10.141,10.02,9.98,9.863,9.906,9.883
HD108937,12 31 22.6575,-53 09 06.730,14.902999999999999,-2.99,9.99,9.92,9.731,9.77,9.732999999999999
HD84100,09 41 04.5319,-53 17 29.167,-1.595,5.63,9.83,9.83,9.617,9.572000000000001,9.575
HIP51422,10 30 07.1511,-53 20 36.898,-12.034,0.08900000000000001,7.99,8.0,7.968999999999999,8.058,8.003
HD118451,13 38 10.5979,-53 21 36.650,-13.932,-6.242000000000001,9.61,9.55,9.283999999999999,9.277000000000001,9.24
HIP72617,14 50 50.7640,-53 22 05.939,-16.594,-31.228,6.59,6.55,6.388,6.414,6.369
HD43073,06 11 15.8725,-53 24 39.454,7.044,43.398999999999994,8.91,8.85,8.779,8.781,8.751
HD49820,06 47 17.6726,-53 24 56.571,-7.522,10.093,9.21,9.2,9.218,9.254,9.224
HD110955,12 46 18.9048,-53 24 56.710,-8.628,-0.976,9.77,9.7,9.466000000000001,9.476,9.427
HD69955,08 16 50.7535,-53 28 29.020,-21.474,21.016,8.02,7.96,7.847,7.9079999999999995,7.872999999999999
HD84307,09 42 34.9225,-53 33 44.462,-14.638,-19.935,9.14,9.09,9.172,9.237,9.177
HD40559,05 56 33.9348,-53 34 08.726,-1.499,10.99,8.84,8.79,8.691,8.686,8.642000000000001
HD39193,05 47 52.0980,-53 38 03.765,0.611,6.8020000000000005,8.75,8.71,8.63,8.656,8.65
HD83558,09 37 33.7295,-53 45 13.776,-14.259,4.713,9.61,9.59,9.46,9.437000000000001,9.429
HD89384,10 17 33.3217,-53 48 01.037,-12.981,3.576,9.7,9.67,9.515,9.492,9.46
HD93735,10 48 26.4100,-53 49 38.319,-13.212,3.45,10.33,10.33,10.087,10.136000000000001,10.075
HD103145,11 52 30.6200,-53 50 21.922,-14.524000000000001,3.707,9.54,9.46,9.381,9.391,9.331
HD63548,07 46 45.2330,-53 51 01.049,-7.542999999999999,10.657,10.52,10.55,10.234,10.26,10.236
HD42646,06 08 48.6833,-53 51 44.891,-3.952,17.680999999999997,10.24,10.18,10.136000000000001,10.144,10.174
HD45020,06 22 00.1308,-53 58 11.929,-1.939,30.228,8.42,8.4,8.33,8.335,8.334
HD87279,10 02 22.2917,-54 03 10.172,-14.273,7.022,10.48,10.45,10.216000000000001,10.213,10.189
HD214536,22 39 54.5572,-54 07 35.238,-1.413,-2.234,9.18,9.17,9.09,9.131,9.092
HD33715,05 09 08.3915,-54 07 44.816,4.789,11.779000000000002,10.72,10.75,10.597000000000001,10.595999999999998,10.568
HD87121,10 01 24.7307,-54 10 24.952,-8.562000000000001,-0.266,10.04,10.0,9.81,9.767000000000001,9.771
HD103512,11 55 01.0285,-54 20 11.839,-10.324000000000002,-1.932,10.28,10.21,9.979,9.974,9.93
HD85698,09 51 47.0157,-54 20 50.644,-19.156,11.849,10.07,10.06,9.892000000000001,9.872,9.857999999999999
HD86544,09 57 29.1940,-54 22 57.569,-13.825999999999999,6.499,9.49,9.44,9.354,9.383,9.366
HD103776,11 56 52.8643,-54 29 42.828,-1.656,-5.792000000000001,8.26,8.19,7.896,7.862,7.8629999999999995
HD110445,12 42 39.2138,-54 32 18.530,-25.809,6.37,7.12,7.08,6.882999999999999,6.817,6.835
HIP56993,11 41 00.2287,-54 32 55.551,-27.676,-3.7230000000000003,7.43,7.41,7.367999999999999,7.3870000000000005,7.372000000000001
HD98024,11 15 45.8909,-54 34 57.556,-13.279000000000002,-7.676,10.56,10.51,10.335,10.36,10.334000000000001
HIP46852,09 32 51.8104,-54 35 45.836,-18.123,20.697,7.99,7.97,7.882000000000001,7.902,7.892
HD100674,11 34 42.9449,-54 39 24.741,-21.014,-7.931,8.9,8.86,8.774,8.818999999999999,8.8
HD99338,11 25 19.5221,-54 40 33.953,-12.489,0.06,10.43,10.4,10.212,10.226,10.196
HIP43497,08 51 34.5352,-54 41 05.045,-13.831,10.73,9.06,9.01,8.978,9.009,8.965
HIP52334,10 41 42.0856,-54 47 53.460,-8.292,-2.252,8.97,8.93,8.746,8.751,8.736
HD96036,11 03 50.2079,-54 48 03.848,-11.913,4.216,9.52,9.45,9.333,9.372,9.321
HD75296,08 46 46.3090,-54 49 18.530,-12.805,6.227,9.2,9.14,8.868,8.863,8.824
HD100542,11 33 47.2258,-54 52 32.017,-12.755,4.398,10.32,10.33,10.158999999999999,10.142999999999999,10.162
HD92120,10 36 58.5385,-54 57 11.113,-10.061,-3.6689999999999996,10.0,9.96,9.783,9.757,9.735
HIP53319,10 54 20.8888,-54 58 23.657,-14.189,3.904,8.65,8.65,8.474,8.488999999999999,8.481
HD33717,05 09 01.1954,-54 59 48.254,7.151,7.385,9.26,9.27,9.305,9.326,9.291
HIP44380,09 02 24.7319,-55 01 49.398,-37.139,12.792,7.61,7.56,7.468,7.51,7.4910000000000005
HD89183,10 15 51.4731,-55 13 50.572,-13.469000000000001,2.785,9.84,9.82,9.736,9.761000000000001,9.729
HD97164,11 10 18.9857,-55 28 21.013,-10.439,1.489,11.05,11.06,10.728,10.769,10.715
HD66749,08 02 06.8710,-55 36 15.311,-12.745999999999999,15.970999999999998,7.34,7.37,7.436,7.49,7.459
HD92381,10 38 47.2710,-55 38 32.640,-11.835999999999999,7.5,8.4,8.38,8.375,8.389,8.39
HD62377,07 40 40.8911,-55 39 05.630,1.008,-3.485,7.73,7.66,7.482,7.484,7.44
HD79813,09 14 01.4506,-55 40 41.970,-17.514,11.835999999999999,8.56,8.56,8.506,8.527000000000001,8.51
HD113222,13 02 59.0847,-55 40 53.283,-13.148,-3.6910000000000003,10.12,10.05,9.818999999999999,9.833,9.764
HD101752,11 42 11.0660,-55 41 18.053,-15.267999999999999,0.6829999999999999,9.88,9.9,9.8,9.85,9.833
HD58773,07 24 00.2248,-55 44 08.899,-5.1,11.61,9.59,9.52,9.324,9.331,9.274
HD91523,10 32 43.0379,-55 44 26.313,-14.140999999999998,1.807,9.56,9.56,9.521,9.522,9.506
HD79590,09 12 51.2648,-55 48 21.673,-10.86,14.205,9.3,9.27,9.119,9.11,9.09
HD81814,09 25 51.3977,-55 50 06.239,-11.015,7.479,9.68,9.67,9.57,9.6,9.567
HD162520,17 54 44.3218,-55 53 54.349,7.225,-10.698,7.33,7.29,7.15,7.162999999999999,7.136
HD203999,21 27 43.9111,-55 59 23.053,1.052,5.795,10.07,10.02,9.946,9.952,9.936
HD122032,14 00 45.3075,-56 10 12.696,-4.827,-4.1,9.67,9.61,9.415,9.412,9.362
HD43833,06 14 56.4441,-56 12 04.893,-3.747,10.912,8.9,8.9,8.861,8.921,8.886000000000001
HD95355,10 59 43.0239,-56 12 20.647,-12.648,14.866,7.55,7.54,7.497999999999999,7.531000000000001,7.502999999999999
HD1465,00 18 28.2600,-56 14 51.662,5.132000000000001,-9.947000000000001,10.687000000000001,10.694,10.54,10.582,10.545
HIP53935,11 02 10.4130,-56 24 21.397,-15.715,-0.3,8.32,8.3,8.124,8.104,8.079
HD105817,12 10 54.7254,-56 25 32.743,-23.76,0.27699999999999997,8.49,8.46,8.351,8.338,8.351
HD87155,10 01 21.1497,-56 28 17.573,-14.892000000000001,6.297000000000001,8.64,8.63,8.577,8.6,8.591000000000001
HD104564,12 02 30.9864,-56 33 37.600,-31.675,-3.7769999999999997,7.42,7.38,7.204,7.194,7.16
HD99512,11 26 24.5911,-56 37 34.510,-11.914000000000001,3.889,9.21,9.19,9.072000000000001,9.115,9.075
HD60131,07 29 52.6895,-56 43 39.685,-9.63,11.463,8.86,8.81,8.655,8.658,8.661
HIP43971,08 57 15.0271,-56 45 31.662,-9.055,4.9719999999999995,9.05,9.01,8.83,8.853,8.802
HD95841,11 02 39.0373,-56 46 38.115,-13.757,0.149,9.02,8.98,8.927999999999999,8.992,8.95
HD91052,10 29 20.1288,-56 48 29.745,-9.079,6.056,8.86,8.86,8.728,8.81,8.752
HD48155,06 38 33.8297,-56 50 30.796,-1.204,11.08,9.63,9.62,9.612,9.609,9.63
HD97012,11 09 18.9769,-56 51 09.866,-6.925,2.5069999999999997,9.79,9.73,9.55,9.56,9.541
HD87434,10 03 12.9285,-56 51 51.897,-17.837,8.0,9.48,9.45,9.349,9.344,9.299
HD121856,13 59 35.5987,-56 55 21.584,-10.142000000000001,-4.43,10.36,10.41,10.15,10.168,10.13
HD91618,10 33 26.8156,-56 56 59.877,-13.639000000000001,4.303,10.06,10.0,9.874,9.936,9.896
HD89940,10 21 16.9415,-57 04 07.026,-13.625,9.792,9.33,9.28,9.214,9.243,9.217
HD93053,10 43 30.9769,-57 15 10.384,-10.041,5.697,9.1,9.08,9.046,9.024,9.03
HD73388,08 35 27.7705,-57 18 28.768,-8.147,2.5669999999999997,9.2,9.13,9.052999999999999,9.064,8.997
HR4592,12 01 29.1924,-57 30 13.598,-58.51,-16.89,6.132000000000001,6.142,6.184,6.178999999999999,6.194
HD156855,17 23 18.6260,-57 31 53.813,0.953,-8.216000000000001,9.29,9.21,9.059,9.024,9.027000000000001
HD105177,12 06 40.2085,-57 32 50.191,-12.579,-1.6909999999999998,10.26,10.29,10.106,10.11,10.115
HD103571,11 55 29.0385,-57 35 50.866,-2.454,7.466,9.25,9.24,9.08,9.071,9.072000000000001
HIP23252,05 00 13.6852,-57 36 27.869,12.49,17.793,8.03,8.02,7.98,7.986000000000001,7.957000000000001
HD94611,10 54 21.5363,-57 38 53.266,-7.687,1.364,9.67,9.63,9.531,9.549,9.541
HD63102,07 43 52.8194,-57 46 22.333,-5.5920000000000005,13.987,9.16,9.09,8.805,8.825,8.773
HD87542,10 03 53.7898,-57 46 34.281,-11.634,4.1339999999999995,9.62,9.6,9.461,9.454,9.407
HD88891,10 13 31.0902,-57 56 31.282,-0.51,11.440999999999999,9.6,9.56,9.451,9.482999999999999,9.462
HIP116966,23 42 35.9509,-57 57 42.055,-11.7,-7.307,7.97,7.93,7.854,7.853,7.809
HD191412,20 12 42.9703,-58 00 32.949,2.6239999999999997,-9.253,9.45,9.45,9.39,9.35,9.344
HD100878,11 36 09.0976,-58 05 54.068,-20.763,-0.382,8.78,8.73,8.549,8.613999999999999,8.57
HD98769,11 21 19.1651,-58 10 26.806,-17.178,2.094,9.08,9.13,9.062000000000001,9.08,9.039
HD9545,01 32 12.7705,-58 22 59.216,10.32,12.37,9.26,9.19,9.01,9.026,8.981
HD81591,09 24 12.0115,-58 24 11.070,-13.091,6.931,9.71,9.64,9.493,9.461,9.453
HD151461,16 50 55.3293,-58 26 55.188,0.899,-5.685,8.83,8.78,8.62,8.648,8.594
HIP43796,08 55 10.8303,-58 41 26.255,-21.439,9.992,8.62,8.59,8.503,8.548,8.539
HD70175,08 17 34.2000,-58 41 50.912,-9.141,17.910999999999998,6.97,6.98,7.007999999999999,7.044,7.0089999999999995
HD93712,10 47 54.7819,-58 41 55.508,-24.208000000000002,8.831,9.03,9.01,8.881,8.877,8.86
HD105922,12 11 32.3317,-58 44 23.648,-11.037,-1.693,9.6,9.54,9.386000000000001,9.352,9.366
HD71778,08 26 10.0576,-58 46 04.806,-7.737,-0.493,10.56,10.49,10.258,10.31,10.238
HD188624,19 59 19.0145,-58 48 27.540,5.348,-7.915,9.67,9.64,9.523,9.544,9.549
HD89330,10 16 38.0083,-58 50 59.919,-15.689,9.068,8.92,8.91,8.82,8.869,8.824
HD97829,11 14 28.4257,-58 51 40.178,-13.125,8.533,8.83,8.76,8.672,8.676,8.665
HIP100333,20 20 53.4986,-59 02 08.644,10.35,-28.08,7.89,7.87,7.824,7.886,7.8260000000000005
HD91808,10 34 42.1446,-59 05 20.294,-15.394,1.0170000000000001,9.42,9.42,9.296,9.328,9.311
HD205711,21 39 25.5122,-59 14 22.473,6.325,-3.238,10.628,10.597999999999999,10.663,10.694,10.69
HD154789,17 11 11.4063,-59 44 44.467,-2.5580000000000003,-5.579,10.03,10.05,9.863,9.892999999999999,9.877
HD106671,12 16 14.8335,-59 53 05.135,-7.598,-5.4879999999999995,8.95,8.91,8.619,8.656,8.618
HD153928,17 06 00.5953,-60 03 08.600,-1.915,0.032,9.95,9.93,9.756,9.731,9.71
HD88934,10 13 40.3397,-60 15 47.998,-29.285999999999998,25.404,7.39,7.39,7.291,7.318,7.318
HIP30463,06 24 13.8422,-60 16 52.761,-31.653000000000002,30.85,5.767,5.766,5.755,5.803,5.754
HIP92196,18 47 22.8925,-60 22 30.366,11.084000000000001,-17.579,7.5,7.47,7.303999999999999,7.352,7.287000000000001
HD149280,16 37 18.8905,-60 29 27.272,-0.41100000000000003,-7.606,9.97,9.91,9.609,9.62,9.623
HD218076,23 06 01.6840,-60 34 42.994,2.2569999999999997,5.109,9.9,9.84,9.818999999999999,9.793,9.781
HIP37212,07 38 38.0214,-60 37 45.847,-7.278,31.869,7.67,7.61,7.5120000000000005,7.5729999999999995,7.4879999999999995
HD85231,09 48 17.0331,-60 44 14.223,-11.249,8.394,10.3,10.29,10.012,10.014,9.991
HD43373,06 11 48.0750,-60 49 47.250,3.4610000000000003,23.979,8.65,8.64,8.561,8.57,8.557
HD95044,10 57 09.6100,-60 50 43.632,-17.585,6.627000000000001,9.31,9.24,8.95,9.02,8.964
HIP1777,00 22 34.1731,-61 02 05.397,71.785,5.817,7.32,7.29,7.252000000000001,7.318,7.244
HD38004,05 38 26.4811,-61 10 01.204,-3.7460000000000004,31.660999999999998,8.04,8.07,8.116,8.181000000000001,8.137
HD126118,14 25 50.7816,-61 11 36.276,-5.332000000000001,-1.2009999999999998,10.59,10.54,10.214,10.2,10.158999999999999
HD25986,04 03 16.2207,-61 15 09.537,6.433,5.327000000000001,9.29,9.28,9.17,9.156,9.126
HD150009,16 42 03.8581,-61 19 18.333,-7.847,-21.714000000000002,9.54,9.51,9.298,9.333,9.295
HD42837,06 08 53.2297,-61 19 59.291,-8.743,13.503,9.4,9.37,9.395,9.397,9.374
HD86999,10 00 00.6964,-61 22 16.887,-7.726,4.831,10.05,10.01,9.829,9.811,9.863
HD102152,11 45 05.6821,-61 31 02.286,-10.413,1.344,9.16,9.15,8.863,8.833,8.836
HD146095,16 18 01.8061,-61 32 50.925,0.8440000000000001,-9.347000000000001,10.42,10.35,10.045,10.016,9.988999999999999
HD224377,23 57 27.4587,-61 45 42.737,20.046,10.232000000000001,8.2,8.19,8.212,8.256,8.241
HD70416,08 18 27.9667,-61 50 43.936,-4.952,5.207999999999999,9.56,9.49,9.311,9.3,9.26
HIP100128,20 18 43.6375,-61 54 24.176,13.402000000000001,-44.68,6.6,6.6,6.529,6.569,6.4910000000000005
HD145020,16 12 22.1861,-61 55 44.506,-27.293000000000003,-36.586,7.03,7.03,6.957000000000001,6.996,6.983
HD85956,09 53 03.2208,-62 20 06.915,-25.339000000000002,20.72,8.14,8.07,7.827000000000001,7.834,7.7989999999999995
HD157082,17 25 17.0094,-62 20 52.147,-0.419,-8.947000000000001,9.8,9.76,9.606,9.61,9.581
HD28667,04 27 06.4467,-62 47 58.633,-6.466,15.475,6.864,6.874,6.882000000000001,6.867000000000001,6.872000000000001
HD167239,18 18 31.4655,-62 51 16.981,-0.73,-12.195,9.09,9.06,8.978,9.025,8.997
HD103653,11 56 04.0032,-62 56 05.514,-8.447000000000001,0.674,10.15,10.1,9.741,9.774,9.749
HD144676,16 10 50.7967,-62 56 35.994,-2.106,-12.497,9.49,9.47,9.302999999999999,9.342,9.265
HD164839,18 07 23.4674,-63 09 18.885,0.109,-11.728,8.66,8.59,8.418,8.355,8.387
HD118172,13 36 49.8257,-63 12 14.860,-8.16,-7.513,8.87,8.81,8.447000000000001,8.432,8.408999999999999
HIP37050,07 36 49.7097,-63 18 01.536,-7.59,13.22,8.28,8.27,8.212,8.232000000000001,8.222000000000001
HD55328,07 08 11.0575,-63 28 40.878,-1.962,9.222999999999999,9.66,9.6,9.537,9.512,9.484
HD57468,07 17 06.3227,-63 28 44.383,-3.529,10.286,8.22,8.2,8.158999999999999,8.184,8.176
HD145868,16 17 07.4441,-63 36 38.665,0.231,-8.0,9.61,9.55,9.347000000000001,9.305,9.316
HD104233,12 00 06.8843,-63 49 08.359,-10.923,2.425,9.36,9.29,8.977,8.997,8.927999999999999
HIP82270,16 48 36.1973,-63 50 57.922,-2.622,-20.445999999999998,8.73,8.66,8.379,8.4,8.332
HD1881,00 22 38.8865,-64 02 55.378,7.997999999999999,3.16,10.9,10.89,10.731,10.773,10.737
HD202029,21 16 24.8701,-64 04 14.230,-12.495999999999999,-3.1719999999999997,9.12,9.07,8.943999999999999,8.946,8.945
HD63582,07 45 27.5846,-64 11 39.233,-7.754,14.627,7.68,7.68,7.64,7.678999999999999,7.666
HD144597,16 10 43.9097,-64 15 08.809,0.845,-2.659,8.5,8.48,8.356,8.389,8.347000000000001
HD74562,08 41 03.5285,-64 20 05.348,-30.799,18.609,7.77,7.73,7.631,7.666,7.608
HIP60851,12 28 19.2607,-64 20 27.574,-37.308,-10.354000000000001,6.14,6.09,5.974,6.002999999999999,5.96
HIP51131,10 26 44.4233,-64 21 06.126,-15.757,11.765999999999998,7.43,7.41,7.392,7.412999999999999,7.4239999999999995
HIP90090,18 23 04.7220,-64 22 41.374,8.627,0.619,8.41,8.39,8.307,8.287,8.29
HD113457,13 05 02.0406,-64 26 29.698,-36.629,-16.73,6.632000000000001,6.627999999999999,6.608,6.647,6.64
HD144976,16 12 33.6449,-64 28 07.189,-2.259,-3.515,10.15,10.1,10.039,10.055,9.995
HD83477,09 35 53.8495,-64 33 12.113,-12.331,15.698,7.34,7.34,7.311,7.346,7.35
HD74238,08 39 09.0787,-64 58 08.908,-3.0989999999999998,9.507,8.66,8.6,8.443999999999999,8.44,8.392999999999999
HD177777,19 10 36.6405,-65 09 52.084,0.856,-15.008,10.24,10.19,10.03,10.017999999999999,10.021
HD75260,08 45 19.1271,-65 10 53.998,-9.875,6.195,9.59,9.53,9.505,9.515,9.497
HD78691,09 06 12.4912,-65 11 26.908,-9.886000000000001,5.357,9.49,9.43,9.152000000000001,9.184,9.119
HD90020,10 21 17.6584,-65 11 44.277,-9.146,11.527999999999999,7.37,7.33,7.1370000000000005,7.144,7.099
HIP95567,19 26 21.7114,-65 11 46.796,8.78,-8.32,7.97,7.97,8.0,8.051,8.01
HD126860,14 30 50.9583,-65 26 19.915,-9.748,-9.814,10.09,10.05,9.855,9.88,9.837
HD146382,16 20 18.5122,-65 29 13.269,-3.514,-6.6739999999999995,10.37,10.3,10.124,10.104,10.113999999999999
HD75909,08 49 10.6706,-65 33 46.146,-4.122,8.943,9.42,9.37,9.172,9.168,9.148
HIP59898,12 17 06.3093,-65 41 34.651,-38.330999999999996,-10.073,6.0729999999999995,6.053999999999999,5.997000000000001,6.031000000000001,5.999
HD143000,16 01 56.0172,-65 43 34.965,-1.0659999999999998,-19.546,9.53,9.46,9.402000000000001,9.391,9.355
HD48991,06 41 18.5976,-65 58 51.535,-4.718,10.567,9.6,9.56,9.524,9.536,9.495
HIP92218,18 47 39.3835,-66 05 47.160,19.305,-13.392000000000001,9.88,9.81,9.666,9.672,9.63
HD157083,17 26 06.5921,-66 08 06.056,0.25,-2.966,9.57,9.57,9.556000000000001,9.557,9.51
HD139835,15 44 24.5028,-66 17 01.947,-6.082000000000001,-9.801,10.48,10.42,10.288,10.27,10.254000000000001
HIP1714,00 21 33.4326,-66 18 16.476,26.264,-21.155,7.37,7.36,7.365,7.395,7.395
HD135834,15 21 01.6744,-66 18 16.519,-4.17,-4.824,10.32,10.27,9.924,9.901,9.927999999999999
HIP88289,18 01 44.3982,-66 27 52.082,9.879,-16.894000000000002,8.46,8.4,8.253,8.267999999999999,8.232999999999999
HD81737,09 24 07.1447,-66 41 24.814,-12.387,11.744000000000002,9.13,9.08,8.891,8.921,8.881
HD71045,08 21 03.7291,-66 44 01.366,-5.256,10.052999999999999,9.52,9.48,9.414,9.407,9.43
HIP98527,20 00 59.1738,-66 50 43.019,26.183000000000003,-10.062999999999999,8.89,8.84,8.668,8.68,8.658999999999999
HD81142,09 20 26.3059,-67 22 14.483,-7.138999999999999,10.539000000000001,9.98,9.98,9.666,9.657,9.674
HD149220,16 38 22.6435,-67 45 59.578,-1.054,-7.704,10.34,10.28,10.27,10.257,10.22
HD74324,08 39 10.1265,-67 50 10.357,-2.5340000000000003,9.564,9.4,9.35,9.225,9.227,9.213
HIP74744,15 16 31.7741,-67 52 41.378,-10.897,-13.378,8.72,8.65,8.369,8.317,8.316
HD81701,09 23 50.2076,-67 54 28.383,-5.164,8.437999999999999,9.49,9.42,9.354,9.362,9.33
HD138195,15 34 59.6269,-68 11 10.006,-3.891,-11.845,9.05,9.05,8.922,8.964,8.948
HD81816,09 24 25.6150,-68 11 28.965,-11.494000000000002,7.899,10.17,10.1,9.932,9.929,9.904
HD96851,11 07 53.7315,-68 16 37.044,-8.166,3.6689999999999996,10.26,10.22,9.81,9.818,9.807
HIP61447,12 35 32.0121,-68 21 03.268,-12.0,-3.763,7.54,7.5,7.39,7.456,7.397
HD93285,10 44 22.2364,-68 35 11.127,-9.847000000000001,7.207000000000001,8.89,8.84,8.604,8.618,8.57
HD140430,15 48 13.8860,-68 36 57.050,-5.4910000000000005,-10.994000000000002,9.35,9.31,9.203,9.177,9.151
HD40750,05 55 02.4508,-68 39 16.370,-6.625,8.425,10.03,10.03,9.87,9.885,9.854
HD153164,17 03 16.3544,-68 50 38.176,-17.531,-14.220999999999998,8.0,7.97,7.864,7.837999999999999,7.84
HD81320,09 21 04.3374,-69 18 15.911,-17.094,20.771,8.1,8.05,7.898,7.9510000000000005,7.897
HIP90429,18 27 03.5148,-69 22 52.016,-1.109,-19.935,7.99,7.99,7.956,8.03,7.981
HD196303,20 41 06.9894,-69 31 16.505,11.762,-12.359000000000002,8.4,8.35,8.297,8.305,8.273
HD92047,10 35 30.3200,-69 49 02.752,-31.615,10.254000000000001,7.78,7.75,7.684,7.721,7.6770000000000005
HIP41451,08 27 16.7555,-70 05 36.537,-18.627,45.523999999999994,5.483,5.507000000000001,5.542000000000001,5.577999999999999,5.55
HIP33273,06 55 15.8752,-70 29 20.666,-1.074,14.168,7.04,7.06,7.028,7.037999999999999,7.032
HD145690,16 17 46.6628,-70 45 56.816,-2.9589999999999996,-4.678,9.55,9.53,9.535,9.577,9.517999999999999
HD141915,15 57 00.4527,-70 58 37.321,-12.665,-6.711,8.75,8.68,8.527999999999999,8.546,8.529
HIP83833,17 08 00.1980,-71 00 00.491,-5.191,-5.858,9.71,9.66,9.505,9.484,9.463
HD50295,06 46 12.2777,-71 01 52.775,0.932,15.686,9.13,9.07,8.937999999999999,8.937999999999999,8.918
HD195390,20 36 12.4416,-71 15 39.924,15.923,-6.724,7.63,7.64,7.597,7.6339999999999995,7.626
HD76473,08 51 33.1924,-71 17 03.104,-9.869,13.73,9.63,9.62,9.491,9.492,9.468
HD145420,16 16 48.3493,-71 43 58.414,-3.738,-9.513,9.56,9.52,9.557,9.512,9.501
HD148650,16 35 49.3413,-71 53 39.304,-17.725,-34.031,6.53,6.51,6.4479999999999995,6.454,6.455
HD139303,15 42 57.9786,-72 05 28.516,-2.889,-9.382,9.84,9.8,9.571,9.548,9.522
HD90104,10 21 02.8035,-72 21 00.088,-9.642000000000001,4.978,9.57,9.53,9.414,9.452,9.401
HD40925,05 54 56.8852,-72 21 44.542,7.89,5.834,9.86,9.86,9.891,9.882,9.87
HIP59851,12 16 23.8134,-72 36 52.195,-31.19,-16.407,6.19,6.196000000000001,6.2,6.22,6.207000000000001
HD137906,15 34 19.9320,-72 46 46.073,-11.540999999999999,-5.386,8.75,8.73,8.568,8.576,8.524
HIP55332,11 19 50.7497,-72 57 29.854,-43.324,-4.59,6.46,6.46,6.392,6.442,6.372999999999999
HD156695,17 26 14.5855,-73 09 04.672,8.216000000000001,-2.035,8.8,8.74,8.562999999999999,8.557,8.552999999999999
HD122598,14 06 35.2152,-73 13 13.211,-9.026,-7.459,9.42,9.38,9.203,9.191,9.209
HIP86664,17 42 26.8353,-73 23 34.046,-5.053999999999999,-29.342,7.31,7.31,7.32,7.362,7.31
HD113018,13 02 35.7584,-73 24 34.109,-8.527999999999999,-3.69,10.72,10.71,10.386,10.387,10.392999999999999
HD124344,14 17 10.4060,-73 41 05.546,-8.853,-4.034,9.56,9.51,9.323,9.37,9.304
HD175954,19 05 12.2942,-73 46 44.719,-5.561,-14.377,8.03,7.98,7.827000000000001,7.856,7.8260000000000005
HD114686,13 14 17.7069,-73 52 57.945,-19.204,-9.337,8.92,8.87,8.649,8.629,8.619
HD155355,17 18 36.8844,-73 54 17.244,-3.2060000000000004,-11.939,8.79,8.76,8.757,8.763,8.743
HR6373,17 16 35.6479,-74 31 58.843,-23.123,-53.751000000000005,6.224,6.227,6.209,6.234,6.22
HIP83328,17 01 50.0812,-74 56 28.661,-4.25,-16.956,9.09,9.04,8.934,8.946,8.916
phi_Oct,18 23 36.4489,-75 02 39.392,4.573,19.406,5.495,5.456,5.371,5.404,5.3629999999999995
HD138071,15 36 36.9484,-75 47 28.086,2.2,-4.3,9.73,9.7,9.45,9.47,9.408999999999999
HD185712,19 49 10.1714,-76 54 30.907,33.351,-36.217,7.16,7.1370000000000005,7.104,7.126,7.084
HD75591,08 43 36.3467,-77 02 58.317,-21.497,3.2,8.11,8.09,7.98,7.9879999999999995,7.972
HIP69380,14 12 09.9187,-77 05 30.482,-10.282,-4.641,10.3,10.23,9.969,9.953,9.941
HD142950,16 05 54.9641,-77 16 09.777,8.439,1.319,9.69,9.66,9.687999999999999,9.697000000000001,9.709
HIP100491,20 22 41.2386,-78 57 39.283,30.493000000000002,-44.07899999999999,6.64,6.63,6.59,6.62,6.597
HD70953,08 15 01.7278,-79 19 07.226,-16.448,32.86,7.01,7.02,6.984,7.04,7.019
HD89341,10 13 15.3783,-79 21 31.830,-9.03,12.405,8.65,8.6,8.274,8.307,8.26
HD108913,12 32 18.5941,-79 47 01.838,-28.743000000000002,6.292999999999999,7.16,7.09,6.9239999999999995,6.91,6.882000000000001
HIP40949,08 21 26.1285,-80 42 26.836,-21.366,29.058000000000003,9.0,8.94,8.728,8.796,8.714
HIP92928,18 56 00.0240,-80 43 40.391,9.773,-8.478,6.59,6.56,6.401,6.358,6.364
HIP28849,06 05 23.8827,-81 59 26.418,4.9030000000000005,25.344,8.33,8.29,8.192,8.235,8.207
HD36504,05 10 05.3055,-84 16 43.527,-1.4969999999999999,12.103,8.66,8.59,8.467,8.478,8.501
HD88957,09 33 04.4731,-88 38 21.428,-18.658,-3.7880000000000003,10.05,10.01,9.804,9.823,9.811
